filename,pose_category,LEFT_EAR_x,LEFT_EAR_y,RIGHT_EAR_x,RIGHT_EAR_y,LEFT_SHOULDER_x,LEFT_SHOULDER_y,RIGHT_SHOULDER_x,RIGHT_SHOULDER_y,LEFT_ELBOW_x,LEFT_ELBOW_y,RIGHT_ELBOW_x,RIGHT_ELBOW_y,LEFT_WRIST_x,LEFT_WRIST_y,RIGHT_WRIST_x,RIGHT_WRIST_y,LEFT_HIP_x,LEFT_HIP_y,RIGHT_HIP_x,RIGHT_HIP_y,LEFT_KNEE_x,LEFT_KNEE_y,RIGHT_KNEE_x,RIGHT_KNEE_y,LEFT_ANKLE_x,LEFT_ANKLE_y,RIGHT_ANKLE_x,RIGHT_ANKLE_y
pose15110.png,stop,0.412636,0.31607994,0.37179038,0.31251583,0.42661902,0.42599887,0.35846406,0.3632982,0.45053664,0.53444886,0.33970252,0.25718963,0.4644126,0.6342804,0.34573564,0.12834007,0.40369987,0.6367466,0.3559806,0.61665535,0.407018,0.7860635,0.34051755,0.7934768,0.3958627,0.9394499,0.3379159,0.9323817
IMG_20241016_111049.jpg,stop,0.5545086,0.32213056,0.51775175,0.319786,0.568344,0.391784,0.50730044,0.35952523,0.58456933,0.46070483,0.48756698,0.29585215,0.5821226,0.5341431,0.4873838,0.2053988,0.55529886,0.5309048,0.51698303,0.52191746,0.556304,0.63729966,0.51144797,0.6434602,0.5463093,0.7434624,0.5209174,0.74441457
IMG_20241016_111045.jpg,stop,0.56838423,0.3883139,0.53361195,0.38486347,0.58208483,0.4532882,0.52376586,0.4212149,0.5948143,0.51927656,0.5030686,0.36437842,0.5946632,0.5892159,0.50281066,0.28265837,0.5647046,0.58657146,0.52723956,0.5769786,0.56306744,0.68694943,0.5215789,0.6907852,0.5532487,0.7904302,0.5291646,0.7918811
IMG_20241017_144051.jpg,stop,0.43545496,0.4336732,0.39565423,0.43296766,0.44687945,0.5285727,0.38826975,0.477387,0.4574242,0.6246007,0.37299272,0.37855014,0.4621078,0.7287806,0.3672744,0.26223135,0.43376362,0.7227965,0.39206508,0.7081015,0.434456,0.89803755,0.38164863,0.9115703,0.41939583,0.95449936,0.38110024,0.94589174
IMG_20241016_103234.jpg,stop,0.5138126,0.428887,0.47797543,0.42905942,0.53046477,0.49708447,0.46966943,0.46708804,0.5449361,0.57200843,0.44809553,0.40519103,0.55223125,0.6516587,0.45758227,0.31931636,0.51660764,0.6427004,0.47598207,0.6359967,0.52317005,0.75557053,0.4729458,0.76545334,0.52077925,0.86552954,0.47832206,0.86436284
IMG_20241017_144050.jpg,stop,0.47632363,0.3595212,0.43676063,0.35515973,0.4888022,0.4461937,0.4292727,0.4008768,0.4969425,0.5462448,0.41202995,0.308162,0.5050689,0.6480314,0.40671355,0.19079298,0.4724109,0.6355232,0.4322939,0.6232422,0.47194573,0.7895607,0.42331988,0.8004391,0.45604995,0.96161354,0.4232284,0.9613477
IMG_20241017_141114_1.jpg,stop,0.49761522,0.31439012,0.45814964,0.31826374,0.51760876,0.42174956,0.45345902,0.37880835,0.53449035,0.52251446,0.43274295,0.28421703,0.52774173,0.63113964,0.43263805,0.15235354,0.50331223,0.6304189,0.46137825,0.6179754,0.5100851,0.78400207,0.4564509,0.7968318,0.50716656,0.938667,0.46253613,0.9323667
IMG_20241016_102959.jpg,stop,0.5122307,0.32332864,0.47078812,0.3242066,0.523189,0.39668053,0.46338436,0.3619942,0.534767,0.46561337,0.43316177,0.30479926,0.5314679,0.5377291,0.4162571,0.2211087,0.5062414,0.5395861,0.466231,0.5280884,0.5081685,0.6492749,0.45971522,0.6540108,0.5053132,0.7733112,0.45695361,0.7686262
pose15039.png,stop,0.68204844,0.22897382,0.6403012,0.22472009,0.70160437,0.33922386,0.6288946,0.287337,0.7225408,0.42433333,0.59710366,0.19337082,0.726209,0.5224535,0.6021495,0.08093048,0.6890187,0.54988873,0.6427013,0.53565574,0.69631094,0.69504243,0.6432694,0.710251,0.69922656,0.8643325,0.6545746,0.87181586
IMG_20241017_140638.jpg,stop,0.49808598,0.26194757,0.4639827,0.2627634,0.5058537,0.34557238,0.45440498,0.3030274,0.51518863,0.43058988,0.44028905,0.211815,0.52137965,0.5162083,0.43742973,0.092055835,0.48525783,0.51498306,0.4512875,0.50245196,0.48988777,0.6479318,0.44326937,0.65402794,0.48226815,0.7946755,0.45220542,0.7845972
IMG_20241017_141049.jpg,stop,0.45465344,0.5138566,0.40831098,0.5195037,0.47188103,0.6391651,0.39693406,0.5810318,0.47714034,0.7632553,0.3825132,0.47001377,0.46870926,0.8956104,0.38882932,0.31918636,0.44286543,0.90375036,0.386295,0.8855127,0.45708483,0.99999994,0.36970574,0.99999994,0.4135059,0.9213893,0.3517943,0.92092955
IMG_20241017_141044.jpg,stop,0.640495,0.4657097,0.59387136,0.47442126,0.6639427,0.5889556,0.58461565,0.5366327,0.6811389,0.70479417,0.56850755,0.42560145,0.6728864,0.84427184,0.56928885,0.27310422,0.6477763,0.8503727,0.59054637,0.8345983,0.6550194,0.9934389,0.57424855,0.99999994,0.6326609,0.9038056,0.5732157,0.9231683
1725302269775.png,stop,0.3840183,0.3340191,0.33729586,0.3379931,0.3999748,0.42412925,0.3247516,0.39156643,0.42610458,0.5017988,0.29172915,0.3129536,0.43259916,0.58916235,0.29278412,0.20890579,0.38869637,0.59899837,0.341242,0.5930779,0.40166748,0.7239764,0.34093294,0.73940206,0.40099433,0.85434926,0.347945,0.8524939
IMG_20241017_141051.jpg,stop,0.43807068,0.3860161,0.38961464,0.3924989,0.46057072,0.5120193,0.38420123,0.45836946,0.47675595,0.6282796,0.36236197,0.34744853,0.4673753,0.75997996,0.3608472,0.19436778,0.4414761,0.75961125,0.3883841,0.7432133,0.44888294,0.94536453,0.3831917,0.97046036,0.43439603,0.9757831,0.3842676,0.9725841
IMG_20241016_111048.jpg,stop,0.57372177,0.38529655,0.5372212,0.38250408,0.58776885,0.45184848,0.5279608,0.4209786,0.59914696,0.52536964,0.5073987,0.36188585,0.59824497,0.59904253,0.50387776,0.27277577,0.5674228,0.5917046,0.5289025,0.5826382,0.5663468,0.6951964,0.5227624,0.70053875,0.5563785,0.8007518,0.5299992,0.79688007
IMG_20241016_103002.jpg,stop,0.5143813,0.38648686,0.47519252,0.39103132,0.53107196,0.45643792,0.4687753,0.427901,0.5471487,0.52457625,0.43217912,0.3771075,0.5468655,0.6020687,0.41015565,0.3076969,0.5225614,0.5988328,0.48119652,0.5916002,0.5340459,0.70731944,0.48320282,0.7182982,0.5377126,0.8292002,0.48612493,0.8298453
IMG_20241017_144043.jpg,stop,0.60329825,0.30385265,0.5593711,0.30557796,0.6197851,0.4115795,0.5514347,0.3560922,0.63260806,0.50886446,0.5295975,0.25302234,0.64070946,0.6202212,0.52265674,0.1221835,0.6067249,0.62350965,0.5609746,0.6065698,0.6083949,0.7838828,0.5564133,0.7961801,0.5915012,0.9573671,0.5581901,0.95916075
IMG_20241017_141047.jpg,stop,0.5053332,0.43856335,0.4650845,0.44949606,0.52682596,0.559814,0.4542863,0.51599705,0.54219025,0.66929686,0.43421012,0.41486764,0.53980744,0.7998102,0.44291016,0.25213453,0.51774794,0.8190069,0.46605328,0.80639946,0.52596027,0.9856142,0.45597264,0.99999994,0.48357207,0.92450273,0.43687794,0.9073544
IMG_20241016_103232.jpg,stop,0.52998203,0.29559842,0.49236903,0.29918066,0.5504389,0.3703911,0.4856003,0.33554843,0.56814796,0.43950558,0.46123186,0.27111593,0.57174957,0.51696813,0.4647007,0.1882024,0.5419705,0.5133983,0.49949396,0.5043856,0.55091935,0.61362964,0.5013054,0.63123333,0.5512859,0.7215992,0.50905657,0.73095775
pose15055.png,stop,0.64827013,0.32391477,0.60829866,0.31601113,0.66087437,0.43306768,0.5911714,0.3766326,0.67639846,0.5291716,0.5636584,0.28913116,0.6761603,0.6328241,0.5716905,0.16324584,0.64449435,0.6472991,0.5982065,0.6297554,0.6418284,0.8026281,0.58662146,0.8140939,0.6348244,0.96526456,0.5894094,0.97453225
IMG_20241017_140635.jpg,stop,0.51767427,0.22409917,0.48260897,0.21928024,0.5273531,0.31390065,0.47631037,0.25964996,0.5365001,0.40304938,0.46032843,0.16021557,0.5445754,0.4946065,0.45467022,0.052688867,0.50509924,0.48538762,0.47138745,0.467752,0.50670546,0.6122575,0.46483657,0.6162631,0.49890625,0.7555484,0.47100434,0.75387496
IMG_20241017_141058_1.jpg,stop,0.43083185,0.30984777,0.381655,0.32208225,0.45509446,0.44281766,0.3741671,0.39258,0.47340947,0.55713195,0.34814438,0.2724771,0.46666157,0.68895006,0.35212398,0.11044617,0.44381088,0.6969492,0.3886828,0.6841564,0.45070812,0.8787461,0.38292274,0.91450626,0.43757942,0.9711469,0.38202447,0.9797074
IMG_20241017_140641.jpg,stop,0.5282242,0.33908358,0.4936622,0.33283556,0.53933907,0.42438158,0.4854709,0.37205583,0.55065495,0.5178945,0.46535307,0.28122997,0.5547535,0.6084062,0.4565982,0.17862138,0.51806724,0.59571373,0.48267505,0.578331,0.5221169,0.7295981,0.47736987,0.73011166,0.5182792,0.8798145,0.48614454,0.8597588
IMG_20241017_140620_1.jpg,stop,0.5489421,0.3562135,0.5097136,0.35195744,0.5614421,0.4480575,0.5025863,0.38603464,0.5778347,0.5333456,0.49119622,0.27852678,0.58165574,0.6282516,0.4815738,0.16817619,0.53924394,0.63366705,0.49987414,0.61308485,0.5444334,0.77277994,0.50218457,0.7812537,0.53905135,0.9337078,0.5176515,0.93463576
IMG_20241017_141101_1.jpg,stop,0.41687635,0.30696958,0.37311214,0.31147364,0.43783173,0.42807886,0.36677566,0.379465,0.4535762,0.5419008,0.34331867,0.27169985,0.44184828,0.6633137,0.34277853,0.12225193,0.4156045,0.6612521,0.36879647,0.6462227,0.4208526,0.82969844,0.36274016,0.84607387,0.41683468,0.98601,0.373256,0.9726413
IMG_20241016_102954.jpg,stop,0.5180965,0.38560614,0.45978922,0.38767388,0.5373153,0.4397115,0.45058835,0.41770607,0.5569108,0.492758,0.40546203,0.37018326,0.5531755,0.55013865,0.38747948,0.31162533,0.5179098,0.54650354,0.46179488,0.54081655,0.52901393,0.6333273,0.46046367,0.64119583,0.53332204,0.72756064,0.46452945,0.71803135
IMG_20241017_141053.jpg,stop,0.49374124,0.33950657,0.44711062,0.3475528,0.5141956,0.46870425,0.43699366,0.41451788,0.52811307,0.587751,0.41731873,0.30563194,0.5215131,0.71866083,0.41780794,0.13899513,0.4968101,0.72491235,0.4428433,0.70826864,0.5002053,0.9127135,0.4329262,0.9421104,0.4771937,0.9597936,0.4283627,0.96997654
IMG_20241017_141043.jpg,stop,0.5568049,0.37255222,0.51175296,0.37922028,0.57927287,0.49733496,0.50465846,0.44577143,0.5963649,0.6140396,0.48870394,0.32987717,0.59195876,0.74014527,0.4934158,0.17370342,0.5637345,0.74165857,0.5126661,0.727146,0.57079417,0.92976516,0.50698674,0.9467978,0.5516731,0.98421633,0.51456964,0.96641505
IMG_20241017_141102.jpg,stop,0.5144576,0.37286326,0.47265193,0.3798834,0.53512454,0.48902562,0.46597177,0.4471687,0.5511453,0.5976756,0.44372797,0.3523456,0.54062647,0.7243624,0.44201273,0.20712881,0.51585764,0.72046727,0.469012,0.70828986,0.5249597,0.89692956,0.46541065,0.90987635,0.51678526,0.98655003,0.4703382,0.96590537
IMG_20241017_140621.jpg,stop,0.55017257,0.39524427,0.51184267,0.3896822,0.5580507,0.48227972,0.5017143,0.42472273,0.5737227,0.5779033,0.49464944,0.31641516,0.5775621,0.67750895,0.49248692,0.20784181,0.53502506,0.66969925,0.49616143,0.6528304,0.54249173,0.81908476,0.4976113,0.8258104,0.53689885,0.97627676,0.51619107,0.9683553
IMG_20241017_140630.jpg,stop,0.57329094,0.25822133,0.5367493,0.2555569,0.5821066,0.3493272,0.52913713,0.30021605,0.5923164,0.44137403,0.5149215,0.19682992,0.6012016,0.5349844,0.5135935,0.06841096,0.5602867,0.53141445,0.5249556,0.5171294,0.56104666,0.6721992,0.5174063,0.6818086,0.551077,0.8234481,0.5210477,0.8204357
IMG_20241017_141058.jpg,stop,0.4766934,0.32517752,0.43452397,0.33073664,0.4970292,0.445528,0.4256175,0.3938608,0.5108955,0.5561762,0.40583768,0.2919444,0.5035978,0.6760459,0.41232798,0.14070664,0.4831095,0.67461336,0.4350243,0.65910816,0.4834685,0.8351871,0.4245486,0.8594953,0.4728136,0.97995263,0.4287299,0.9890446
IMG_20241016_103227.jpg,stop,0.5627923,0.3758721,0.5287119,0.37790254,0.5820812,0.44641274,0.51900905,0.4109998,0.59684545,0.512432,0.49375576,0.34991023,0.6030832,0.58835304,0.50157255,0.27319846,0.5728251,0.58454823,0.53222215,0.574934,0.57675105,0.6833496,0.52902806,0.7007337,0.574429,0.79312354,0.5360832,0.8083907
IMG_20241017_144045_1.jpg,stop,0.5288423,0.37002015,0.4718204,0.37576073,0.5472572,0.50434977,0.45859674,0.43703172,0.5620391,0.6349497,0.43037358,0.30170572,0.57373106,0.78428507,0.4184232,0.14112593,0.53270817,0.78070796,0.4700027,0.7612526,0.5385411,0.9638521,0.44921833,0.99999994,0.5269802,0.91901463,0.4595307,0.93781
IMG_20241016_111041.jpg,stop,0.5742575,0.42657042,0.5394381,0.4227979,0.5868304,0.49080178,0.5274876,0.45982587,0.60135454,0.5534343,0.50648475,0.40184167,0.59472996,0.6244994,0.50196433,0.31901404,0.57301784,0.62457794,0.534994,0.6152487,0.5738428,0.7256925,0.5287955,0.73111874,0.56275064,0.82588536,0.5380381,0.82840097
1725302283104.png,stop,0.3249378,0.35808647,0.28351846,0.36511588,0.3397021,0.4373597,0.27153176,0.40832734,0.36193767,0.50738037,0.24156088,0.34385732,0.36562857,0.57699955,0.23702125,0.26184326,0.32794583,0.591826,0.2852843,0.58557767,0.3405161,0.70021147,0.28439122,0.7136671,0.33718777,0.8184647,0.29362956,0.8153456
IMG_20241016_103001.jpg,stop,0.5292168,0.29227006,0.4892604,0.29498222,0.54557645,0.36822742,0.48045808,0.33357108,0.5554374,0.43668553,0.44560865,0.2761815,0.551279,0.5134856,0.42478147,0.20165767,0.5322947,0.5092851,0.49029958,0.49750584,0.53380394,0.6150861,0.47979027,0.6248608,0.52807075,0.74108636,0.48215666,0.7403489
IMG_20241016_103004.jpg,stop,0.44895256,0.28594965,0.40360227,0.2908418,0.4633196,0.36701122,0.3971143,0.3325367,0.4755748,0.4409614,0.36008078,0.26551983,0.47833794,0.51887596,0.34206572,0.18141282,0.45092732,0.5175001,0.40765834,0.5079535,0.4611307,0.63426006,0.40711272,0.6452245,0.45947906,0.761419,0.40769255,0.75372183
IMG_20241017_140628.jpg,stop,0.5744688,0.32833254,0.53506154,0.32830074,0.5854614,0.4229435,0.5266584,0.37081236,0.6029533,0.51333,0.50933367,0.25946945,0.6134454,0.6134716,0.5078373,0.14297207,0.56659514,0.61322105,0.5278274,0.5981989,0.5704955,0.7538398,0.52035314,0.76750654,0.5653867,0.91206896,0.5305036,0.9062563
IMG_20241017_141043_1.jpg,stop,0.5462775,0.4501089,0.5018568,0.45660692,0.5699536,0.5717904,0.49410623,0.52298427,0.58461356,0.6840536,0.47420147,0.41249612,0.5803514,0.81615436,0.47681057,0.2550309,0.5580439,0.8281015,0.50413966,0.81485105,0.5673175,0.98665005,0.49630815,0.99999994,0.5381749,0.910875,0.49407622,0.9109264
IMG_20241017_144048_1.jpg,stop,0.4370505,0.34122297,0.39306986,0.34261295,0.45416734,0.44045433,0.38865265,0.38800973,0.47011346,0.5342011,0.36798313,0.28877077,0.47982824,0.638814,0.3573462,0.1610948,0.44697124,0.6356237,0.40366003,0.62108314,0.44923395,0.78894097,0.40149894,0.8076357,0.4409766,0.9550252,0.40507668,0.96332693
IMG_20241016_103229.jpg,stop,0.5885927,0.3625447,0.5534931,0.36493066,0.6034999,0.43395644,0.54408497,0.39962947,0.62059426,0.50702524,0.52157676,0.33689868,0.6283044,0.5826291,0.52999914,0.25414854,0.5954611,0.57491547,0.5564064,0.56637603,0.59893966,0.68227446,0.55285245,0.69461286,0.5966562,0.7898379,0.5576556,0.79531145
IMG_20241016_102950.jpg,stop,0.49947456,0.40509492,0.44445857,0.40586102,0.5171573,0.45986235,0.43195865,0.4352167,0.53014827,0.51012987,0.3873161,0.3950088,0.53162205,0.5694677,0.36142182,0.33702293,0.5030876,0.56561166,0.4481403,0.5579755,0.5130794,0.6518305,0.4408341,0.65700805,0.51273453,0.746012,0.4452548,0.7455934
IMG_20241017_141104_1.jpg,stop,0.4585602,0.43336612,0.41417772,0.44330567,0.4853043,0.5580815,0.4056304,0.5116512,0.5039065,0.6743369,0.3835128,0.3997785,0.4967745,0.81761175,0.378558,0.24292345,0.47573778,0.82808405,0.41924435,0.81530166,0.48222253,0.9839113,0.4070367,0.99999994,0.44660044,0.8992502,0.39688745,0.9188011
IMG_20241017_141115.jpg,stop,0.49273616,0.27723914,0.4536623,0.28437448,0.51362234,0.383654,0.4491447,0.3419459,0.5331697,0.49264032,0.4270616,0.24957034,0.5238741,0.60247123,0.4245734,0.12279395,0.500537,0.5984308,0.4574808,0.58762115,0.5067807,0.7462935,0.45490304,0.7631742,0.5068729,0.8991128,0.4600147,0.89359117
pose15050.png,stop,0.59089667,0.29682925,0.5497415,0.28339893,0.601618,0.4020711,0.5355404,0.34896386,0.6134913,0.4900737,0.5143583,0.2513143,0.62043685,0.5930968,0.52162606,0.12892134,0.57982904,0.60860074,0.53611845,0.592352,0.5770645,0.7743243,0.5253415,0.7784783,0.573492,0.94275093,0.53136057,0.9349324
pose15135.png,stop,0.59204787,0.21120115,0.55072415,0.20531243,0.6032161,0.31360164,0.5392701,0.25716087,0.6236069,0.4197651,0.5197884,0.15570204,0.63791084,0.5163961,0.52615744,0.04326634,0.5774486,0.5162728,0.53526056,0.4982756,0.5791596,0.65317255,0.5205859,0.6558679,0.57003456,0.8078278,0.5176283,0.7932572
IMG_20241016_111043.jpg,stop,0.6040584,0.28702214,0.56791073,0.2856453,0.6171676,0.35437602,0.558149,0.3240683,0.6317325,0.41635197,0.5404322,0.26253983,0.6269158,0.48474,0.5389428,0.17680538,0.60330784,0.486792,0.56601965,0.47786278,0.6041441,0.58651567,0.55979335,0.5936562,0.5908298,0.68824285,0.5664968,0.69195455
IMG_20241017_140622.jpg,stop,0.55557114,0.3525328,0.5171023,0.33732858,0.5602329,0.43982843,0.50347376,0.3797129,0.5680078,0.52768385,0.49148762,0.27490348,0.5738007,0.62500197,0.4937485,0.15783326,0.5339324,0.6190468,0.49652815,0.6001979,0.53790253,0.77057123,0.49500042,0.7758015,0.53062177,0.9280314,0.510469,0.92937917
IMG_20241017_141050.jpg,stop,0.4470462,0.45948574,0.400181,0.46508962,0.46854573,0.5848564,0.39306024,0.5254529,0.48080856,0.7070256,0.3752099,0.416996,0.47001168,0.83780414,0.37261838,0.26459008,0.4447706,0.84007555,0.39023092,0.8198399,0.44808418,0.98892707,0.37291712,0.99999994,0.43279505,0.9007483,0.3754528,0.9160817
IMG_20241016_111047.jpg,stop,0.58742166,0.42270234,0.55075085,0.41866052,0.59987974,0.48812854,0.5405132,0.45579472,0.6114179,0.56371856,0.5218512,0.3949586,0.6061301,0.6395045,0.5172751,0.30855858,0.57749027,0.63276374,0.5390198,0.6227442,0.5757076,0.734659,0.53222704,0.7393935,0.5645891,0.84573495,0.5369677,0.83876616
IMG_20241017_144040_1.jpg,stop,0.50257784,0.33232188,0.46123117,0.33010498,0.51258034,0.42844853,0.45404056,0.37653884,0.52107644,0.5196511,0.4350124,0.2716561,0.53182274,0.6199758,0.4311282,0.15075816,0.4974402,0.6140521,0.45926136,0.5987216,0.5005637,0.7733073,0.45233715,0.782194,0.48571885,0.9318553,0.45301786,0.9298039
pose15060.png,stop,0.7177412,0.24847637,0.67700285,0.23878314,0.72846884,0.35923958,0.6573171,0.3018687,0.74441653,0.46088317,0.63303,0.20274258,0.74301857,0.56609255,0.64388245,0.08193881,0.70477957,0.57270175,0.6590182,0.55484015,0.7052819,0.7412271,0.64698523,0.74294555,0.69146556,0.90102786,0.6522707,0.8891075
IMG_20241017_144047.jpg,stop,0.5436173,0.35589397,0.4889222,0.3678695,0.56194687,0.49149847,0.48423243,0.430904,0.57524997,0.60685515,0.45943114,0.28887329,0.5872069,0.74188614,0.456167,0.13658722,0.5483277,0.7549116,0.4928061,0.73884404,0.55814636,0.96044976,0.48445505,0.99800766,0.5200904,0.90931773,0.45642525,0.90921247
1725302279630.png,stop,0.32007983,0.34554046,0.27880213,0.35025042,0.33996117,0.4315781,0.26407683,0.3956297,0.35995984,0.49579114,0.23088244,0.3240092,0.36265665,0.5693431,0.22968224,0.2341568,0.32823044,0.5933439,0.28030896,0.583733,0.33949265,0.69342476,0.2791912,0.7088623,0.32807568,0.80994236,0.28783187,0.8183045
IMG_20241017_141110.jpg,stop,0.45097303,0.34540707,0.41159934,0.35464725,0.47255695,0.46027344,0.40001246,0.41651058,0.4923116,0.57421213,0.38041747,0.3183345,0.48679894,0.695677,0.38231727,0.1705554,0.46369877,0.7018615,0.41334662,0.69204044,0.47200227,0.8799107,0.4106772,0.8981865,0.45491105,0.9807542,0.41687563,0.97063947
IMG_20241016_103228.jpg,stop,0.56890076,0.3939473,0.5344524,0.3967027,0.583854,0.46367788,0.5258655,0.43150038,0.60161996,0.5341374,0.5024096,0.36485356,0.60657793,0.61082375,0.5096855,0.28307536,0.5741981,0.6007625,0.5369751,0.5932026,0.58038306,0.7121037,0.5346019,0.7233031,0.5812839,0.8206614,0.5409041,0.8209436
IMG_20241017_140633.jpg,stop,0.55577993,0.30448398,0.5182013,0.30462867,0.56786335,0.39440098,0.5118293,0.34403262,0.57871217,0.47816682,0.4967715,0.2477388,0.5875997,0.5683749,0.4902373,0.13340311,0.5493171,0.5686595,0.51295125,0.5522836,0.5560873,0.7061991,0.5079382,0.71236444,0.54756725,0.856424,0.51902044,0.850518
pose15145.png,stop,0.678152,0.24568713,0.6362793,0.24174504,0.6942282,0.35986707,0.6256662,0.291478,0.7131874,0.4565553,0.6065578,0.18549989,0.7287178,0.5551963,0.60685843,0.068939954,0.66742533,0.55903155,0.62140536,0.5345298,0.67504495,0.68666,0.6095993,0.6935187,0.6658364,0.8438594,0.6124713,0.8382767
IMG_20241017_141111_1.jpg,stop,0.49401265,0.44631335,0.4481371,0.4551817,0.51634514,0.5694974,0.43905735,0.5167789,0.53013664,0.6881184,0.41837254,0.4089949,0.52055657,0.8190413,0.41642672,0.2590319,0.49283406,0.8234459,0.43773624,0.8059571,0.49999517,0.98275083,0.43055585,0.99999994,0.46392417,0.9244973,0.42808273,0.9083498
IMG_20241017_140639_1.jpg,stop,0.5456444,0.28018147,0.5132348,0.27605176,0.5515425,0.36684507,0.5007732,0.3143816,0.5590269,0.45542273,0.48511475,0.21732727,0.56463236,0.5394943,0.47985512,0.10950579,0.5299792,0.5359339,0.4961576,0.51975816,0.5318427,0.66764694,0.48666155,0.67296505,0.52412367,0.8130723,0.49564663,0.8078299
IMG_20241017_140632.jpg,stop,0.5473798,0.3325419,0.51098484,0.3314031,0.55875605,0.42172155,0.50437015,0.37251666,0.5711517,0.5076452,0.48940083,0.27095532,0.5803902,0.59875005,0.486482,0.15721431,0.5431381,0.59709024,0.50754875,0.5824239,0.54711777,0.7387196,0.5006685,0.746563,0.5395743,0.8892961,0.5083902,0.88507754
IMG_20241017_140621_1.jpg,stop,0.5402201,0.37686422,0.50240946,0.35685846,0.5454349,0.4649342,0.48629686,0.39046144,0.55758065,0.5516613,0.4710804,0.28174868,0.5615804,0.65198064,0.46177572,0.17290705,0.5219898,0.64561653,0.48243096,0.6205451,0.5289785,0.78975534,0.48393682,0.7944798,0.52979946,0.94562423,0.50305957,0.95434666
IMG_20241017_141113.jpg,stop,0.51025105,0.338118,0.4715541,0.3468321,0.5296628,0.44784647,0.46641275,0.40485564,0.54510045,0.54813606,0.44558844,0.30929497,0.53648174,0.65746194,0.4476277,0.17242537,0.5091763,0.65832716,0.46761563,0.64467996,0.5164567,0.8078538,0.46324745,0.8199759,0.5121653,0.96469945,0.46905982,0.95335126
IMG_20241016_103000.jpg,stop,0.53034174,0.27686605,0.48846498,0.2796627,0.5438196,0.35216653,0.47925925,0.31889874,0.5521585,0.42087743,0.4474569,0.26177529,0.55051994,0.5006368,0.4305979,0.18062001,0.5287771,0.49287915,0.48673472,0.48167363,0.52973604,0.6037928,0.47416073,0.6125186,0.5259592,0.7294261,0.47813737,0.72853374
pose7075.jpg,stop,0.3059076,0.27256268,0.26526845,0.27593654,0.32550022,0.3782943,0.2532551,0.33935487,0.3451137,0.47875118,0.22636567,0.27170894,0.3470549,0.5974605,0.23282813,0.15901469,0.31346643,0.60193866,0.26605877,0.59212005,0.31853828,0.74585277,0.26528955,0.7621772,0.3092134,0.89995325,0.27187905,0.90769726
IMG_20241017_141048.jpg,stop,0.50002253,0.47796926,0.45764843,0.48710388,0.5210876,0.589328,0.44627315,0.54687154,0.5346374,0.70385367,0.43040296,0.44759503,0.5340783,0.8270326,0.43419325,0.3003714,0.509371,0.8471459,0.45684808,0.83731073,0.5189847,0.9831628,0.44894376,0.99999994,0.47494367,0.92181706,0.4419015,0.90646553
IMG_20241016_111042.jpg,stop,0.6016884,0.37342256,0.5654348,0.37118283,0.61535823,0.44040304,0.5554277,0.40985844,0.63074505,0.5020486,0.5383642,0.3501887,0.6267673,0.5713472,0.5325495,0.26778185,0.6023958,0.5718713,0.5648798,0.5629331,0.60373026,0.67079645,0.55854475,0.6800167,0.58879495,0.773376,0.56684315,0.78224903
IMG_20241017_141053_1.jpg,stop,0.461922,0.31060866,0.41608956,0.32529184,0.4841472,0.43573827,0.40744504,0.39520368,0.50224376,0.5531322,0.38374966,0.2866323,0.49868524,0.6840645,0.38403898,0.1215789,0.47403896,0.68901616,0.4220127,0.68072134,0.4792895,0.8840484,0.4179282,0.9065384,0.46806407,0.9840201,0.42755768,0.9613491
IMG_20241017_140629.jpg,stop,0.55625343,0.2925119,0.516483,0.29347256,0.5676026,0.38896388,0.5095849,0.34088942,0.5809299,0.48396522,0.49432382,0.24007718,0.58875084,0.5838661,0.49337503,0.11526085,0.54692745,0.5742242,0.5095105,0.5598649,0.551589,0.7170072,0.5037025,0.7254367,0.541928,0.87154245,0.51112545,0.8640133
IMG_20241016_102957.jpg,stop,0.45030951,0.31135786,0.4100344,0.31345266,0.46478966,0.38331696,0.3993946,0.3543806,0.4834715,0.45270365,0.35674328,0.29890442,0.48200506,0.52505386,0.34034082,0.22469987,0.45763537,0.52575,0.4157381,0.5188994,0.46480086,0.63684654,0.41719157,0.6448902,0.46953297,0.7573017,0.419369,0.7486169
IMG_20241016_103231.jpg,stop,0.57896966,0.21131907,0.5411295,0.21467128,0.5928903,0.28709042,0.5330309,0.25188103,0.60963213,0.36078843,0.5118328,0.17885931,0.61434317,0.4400874,0.522196,0.0877781,0.5795038,0.42901766,0.54043925,0.41992575,0.5822138,0.53563064,0.5359135,0.5490256,0.5808487,0.64452463,0.54212743,0.64546937
IMG_20241017_141050_1.jpg,stop,0.42108545,0.4508028,0.37503374,0.45802662,0.4446606,0.57635945,0.36618456,0.52296364,0.4569425,0.6968044,0.34669492,0.40525183,0.44534788,0.8324915,0.3481761,0.25870037,0.4224074,0.83985806,0.36560526,0.8236705,0.43137395,0.985922,0.35314295,0.99999994,0.3963142,0.89826757,0.35042575,0.90047115
pose7085.jpg,stop,0.50234616,0.30190957,0.46191692,0.30251443,0.5190663,0.4063859,0.44927844,0.36162907,0.53389734,0.50693285,0.4244136,0.30215394,0.53410435,0.61730665,0.42904988,0.19303071,0.5022,0.62014854,0.45627594,0.6055562,0.50592196,0.76150787,0.45159346,0.76661444,0.49460408,0.9112817,0.4585022,0.91094947
IMG_20241017_141057.jpg,stop,0.6359826,0.5418925,0.59608287,0.55594707,0.65900105,0.66864866,0.58434665,0.6214927,0.66991526,0.78001404,0.57193315,0.5292383,0.6742339,0.89862555,0.5711865,0.3820892,0.644668,0.91796106,0.59237117,0.90224046,0.6520534,0.99999994,0.59781265,0.99999994,0.6514557,0.99999994,0.59700525,0.99999994
IMG_20241017_140627_1.jpg,stop,0.531481,0.36929983,0.49074203,0.37341684,0.544989,0.46009538,0.48499963,0.4095012,0.5613673,0.5523946,0.46981236,0.30565274,0.5727643,0.6499442,0.46332872,0.1939357,0.5269535,0.6465654,0.48763868,0.6318653,0.53225404,0.787668,0.48398703,0.80174255,0.5284334,0.9536505,0.5016034,0.9460451
IMG_20241017_140640.jpg,stop,0.55879164,0.25972685,0.52965516,0.24903691,0.55939406,0.34633937,0.5081789,0.2870831,0.5693746,0.4322242,0.49251422,0.19113104,0.5729148,0.525365,0.4908472,0.073874384,0.5372785,0.5130819,0.5038871,0.4932668,0.53898543,0.65352416,0.49088916,0.6505252,0.52613777,0.7969196,0.49971205,0.7914284
IMG_20241017_144040.jpg,stop,0.5241665,0.3340954,0.48589098,0.33123213,0.5352463,0.4267763,0.47754332,0.37759504,0.5469822,0.51810956,0.45567462,0.28347108,0.55667454,0.6156329,0.45126677,0.1673868,0.52309,0.60728943,0.48507676,0.5933809,0.5289552,0.7588823,0.47878072,0.76665217,0.52140105,0.9192678,0.48153317,0.91417134
IMG_20241017_141103.jpg,stop,0.28853494,0.42937392,0.24127774,0.43567997,0.308657,0.55548006,0.23222633,0.5009709,0.3211047,0.67339474,0.21072982,0.39221627,0.30698147,0.8006815,0.21019453,0.24207881,0.2785474,0.8079456,0.2246276,0.78881216,0.28475434,0.9801945,0.21658635,0.9948399,0.26490808,0.9625905,0.22427824,0.93905866
IMG_20241017_140627.jpg,stop,0.5929606,0.3192024,0.55342805,0.3164485,0.5995666,0.4127616,0.54604745,0.35246402,0.608615,0.5149175,0.53280765,0.24217321,0.60806113,0.60917133,0.52914774,0.13129716,0.5677524,0.59212834,0.53239423,0.57109463,0.56608045,0.7284547,0.52568704,0.733415,0.55392426,0.88080114,0.5333464,0.8645631
IMG_20241016_111050.jpg,stop,0.51153195,0.3522164,0.47330105,0.3496988,0.52415293,0.42023832,0.46231955,0.38824308,0.5402254,0.48482674,0.442925,0.32378528,0.5366091,0.55990183,0.44433665,0.23156828,0.50927645,0.5591654,0.47034913,0.5500666,0.5111828,0.6639247,0.46773183,0.6710995,0.4995359,0.77213544,0.47603294,0.7759863
pose7088.jpg,stop,0.51132065,0.37707973,0.47127,0.38241717,0.5273957,0.47443578,0.45989236,0.44315368,0.54439527,0.573836,0.4387951,0.3918833,0.5448475,0.6907843,0.44728088,0.2806551,0.51127064,0.68338007,0.46765152,0.6746807,0.5138094,0.836929,0.46103144,0.84303725,0.5035391,0.9758822,0.46635705,0.96435606
IMG_20241017_144052.jpg,stop,0.47611222,0.39801237,0.43471563,0.39484748,0.48982725,0.49549437,0.42696434,0.4384647,0.50056434,0.5835012,0.40765068,0.33795962,0.5049077,0.6924742,0.40205437,0.22347508,0.47782075,0.68728405,0.435072,0.6690075,0.4747701,0.8662021,0.42306843,0.88649493,0.4691213,0.9813703,0.4221249,0.9961541
pose15115.png,stop,0.45123884,0.34649765,0.40902492,0.34751078,0.4701008,0.46198893,0.39621127,0.4011648,0.49356112,0.57193923,0.3750597,0.29489705,0.5095586,0.674383,0.38154313,0.16749752,0.44816127,0.68245035,0.39760888,0.66454667,0.45546404,0.8370599,0.39006096,0.85466945,0.4433406,0.9718137,0.394279,0.9712253
IMG_20241017_141101.jpg,stop,0.49441454,0.39731747,0.44983074,0.4015519,0.51310855,0.5181875,0.4429475,0.46516407,0.5283514,0.63028896,0.42379653,0.3575732,0.5181064,0.7512499,0.4246511,0.2214446,0.49118918,0.7539928,0.44223824,0.73739296,0.49590018,0.9307137,0.43616372,0.94593006,0.48001263,0.98113793,0.4369636,0.9644063
IMG_20241017_140634.jpg,stop,0.5821126,0.24528624,0.544263,0.24183434,0.5886012,0.33603647,0.5357909,0.28322107,0.59837306,0.425739,0.5216142,0.18235533,0.60228986,0.5169216,0.5176282,0.07067252,0.5686834,0.506411,0.5335897,0.48988113,0.5710847,0.6391404,0.5239826,0.64556307,0.5641043,0.78272307,0.5330012,0.77413666
pose15112.png,stop,0.5113004,0.2602586,0.47019586,0.2574606,0.5252219,0.36989152,0.45697623,0.30909985,0.55022955,0.48003447,0.43928224,0.20203818,0.56532925,0.5828514,0.4452053,0.076362826,0.5016123,0.58143574,0.45437646,0.5632603,0.5066592,0.73728776,0.4433081,0.7458652,0.496697,0.8911233,0.4433423,0.88147193
IMG_20241017_141054.jpg,stop,0.49521548,0.44813353,0.4527567,0.46117243,0.5163856,0.57037395,0.44238505,0.5208236,0.5302388,0.6862137,0.42381498,0.4159558,0.523633,0.81462306,0.4282292,0.2583164,0.5032553,0.82855403,0.45040828,0.8134045,0.50742817,0.9841922,0.4363429,0.99999994,0.47301012,0.9091435,0.41884053,0.9185268
IMG_20241017_141112_1.jpg,stop,0.5069108,0.28648263,0.46540487,0.29524696,0.5253559,0.39940915,0.46206108,0.35817972,0.54276115,0.50581944,0.440388,0.26060477,0.5335406,0.6164546,0.44240776,0.12025031,0.50740665,0.6158226,0.46630475,0.6042226,0.513497,0.7667948,0.4627764,0.783261,0.5124064,0.9161425,0.46626988,0.90713906
IMG_20241016_103230_1.jpg,stop,0.58783704,0.25583017,0.5514547,0.25874084,0.60294414,0.33008823,0.5414421,0.2953961,0.6218583,0.4044932,0.5198164,0.22449148,0.626529,0.4823378,0.5328356,0.14150535,0.5945666,0.4746174,0.5540559,0.46700114,0.5987366,0.5841035,0.551723,0.5999557,0.5965146,0.6940745,0.5574802,0.6995237
IMG_20241016_102953.jpg,stop,0.5419733,0.3859007,0.48491162,0.38721278,0.5608166,0.44337204,0.47613907,0.4145992,0.57611156,0.49815878,0.43334258,0.36621037,0.57012236,0.55553776,0.41452238,0.30621278,0.5381149,0.5492913,0.4820076,0.5397733,0.543479,0.6350171,0.47445765,0.63916785,0.5410404,0.72904223,0.4736373,0.72279733
IMG_20241016_102952.jpg,stop,0.53041893,0.40671027,0.47329065,0.40718973,0.54696995,0.4613806,0.46161193,0.43488917,0.5614392,0.5114141,0.42152882,0.39095518,0.56119883,0.5684711,0.400788,0.33136788,0.5286431,0.5676124,0.472071,0.55941576,0.53552806,0.6508554,0.4649753,0.6571849,0.5360226,0.74607855,0.47041285,0.7472484
IMG_20241017_141100.jpg,stop,0.45827815,0.35882276,0.41417885,0.36843324,0.48098418,0.4773141,0.407488,0.43319848,0.4985226,0.58627206,0.3860175,0.32156605,0.48954192,0.71385807,0.38624296,0.17240775,0.46410388,0.71760195,0.41419685,0.7059816,0.4727522,0.89346343,0.4111259,0.91263247,0.4619898,0.9807675,0.4207568,0.96221143
IMG_20241016_103005.jpg,stop,0.52057487,0.36120263,0.4790208,0.36711743,0.5387842,0.4371827,0.47229835,0.40415832,0.55118805,0.5053745,0.43900955,0.34526488,0.5516596,0.58521503,0.419574,0.2716512,0.5272253,0.58082306,0.48450792,0.57096547,0.53700215,0.68698436,0.4836435,0.7006457,0.53376657,0.8173009,0.48591644,0.8183971
IMG_20241017_141059.jpg,stop,0.4208295,0.3999072,0.3741409,0.41063508,0.44499105,0.5238766,0.36643073,0.47863114,0.4608616,0.64172673,0.34204888,0.3723469,0.45053425,0.77398294,0.34462076,0.21163194,0.42611942,0.7844432,0.37207234,0.7708085,0.43101498,0.9668493,0.3668197,0.9853129,0.409478,0.9738964,0.3735117,0.952013
IMG_20241017_144041.jpg,stop,0.49615818,0.32431298,0.46694964,0.32514304,0.5043174,0.43175045,0.44713637,0.38063157,0.5182207,0.5257384,0.4282283,0.29022977,0.52637124,0.62648773,0.42406642,0.15308838,0.49661088,0.6443363,0.4581583,0.629898,0.4965684,0.7946775,0.4451845,0.8094392,0.474407,0.95986706,0.44023445,0.96685237
IMG_20241017_140624.jpg,stop,0.5701097,0.32276362,0.5331777,0.3200168,0.5786661,0.4152749,0.5252288,0.35826224,0.5896282,0.51313794,0.5156879,0.24875085,0.58957815,0.6111135,0.5179345,0.12934306,0.5486792,0.59472084,0.5136889,0.575464,0.552897,0.7343656,0.5111611,0.7385089,0.54328454,0.8887269,0.5239631,0.87420475
IMG_20241017_140629_1.jpg,stop,0.58252585,0.35191792,0.54310244,0.35138226,0.59175557,0.4390579,0.53691447,0.3957295,0.6036823,0.5323516,0.5219927,0.2952366,0.61190677,0.628455,0.5167409,0.17142549,0.57346505,0.6258077,0.53730136,0.6141287,0.5735048,0.76707184,0.52884775,0.78019434,0.5644984,0.9245338,0.5316275,0.92160267
pose15140.png,stop,0.5558552,0.24270512,0.5153603,0.23905818,0.5693748,0.3436998,0.50592583,0.29356906,0.58946043,0.44472247,0.48668766,0.19392951,0.6040326,0.54134566,0.4913456,0.06851658,0.54801434,0.5469898,0.5050413,0.5321969,0.5500122,0.6898516,0.49302244,0.696439,0.5408182,0.8455051,0.49110398,0.83444273
IMG_20241017_140620.jpg,stop,0.5610734,0.34895152,0.5217325,0.33739746,0.56588477,0.43788838,0.51019025,0.37263355,0.57512575,0.5295696,0.4969641,0.25633073,0.57556295,0.6276098,0.49395454,0.14604749,0.5355218,0.61832386,0.49857643,0.59655374,0.54429,0.7677419,0.50241446,0.7698312,0.53757,0.928785,0.5158595,0.9196563
IMG_20241017_141045_1.jpg,stop,0.53695816,0.41072753,0.49332997,0.4206289,0.56006294,0.5317922,0.48545203,0.48540583,0.57954705,0.6433329,0.46097514,0.3798747,0.5754066,0.77059764,0.46450984,0.22680594,0.5470828,0.7803474,0.49572155,0.76777375,0.5563194,0.96262914,0.4964365,0.98174113,0.5278018,0.9702804,0.48815152,0.95384806
IMG_20241017_140624_1.jpg,stop,0.6020287,0.3454366,0.56451917,0.3379545,0.6082082,0.4309851,0.55573004,0.36906466,0.6189828,0.5311209,0.5528398,0.26142803,0.6187694,0.6263813,0.5601195,0.14558025,0.5755809,0.6061989,0.5390855,0.5849659,0.5787248,0.74785733,0.53489566,0.74914503,0.57116884,0.90142554,0.5490108,0.88818884
IMG_20241017_144037.jpg,stop,0.5495852,0.4040873,0.51376444,0.39957383,0.56224155,0.491174,0.5058013,0.4405277,0.5700065,0.5751906,0.48956656,0.35381794,0.5764137,0.66664046,0.48058745,0.24969596,0.54735154,0.65881616,0.51035565,0.6422305,0.5520877,0.8096818,0.50199467,0.81543607,0.5398443,0.9657592,0.50776076,0.96573585
IMG_20241016_102957_1.jpg,stop,0.46871358,0.33657077,0.42795888,0.34280542,0.48567423,0.4096135,0.42242002,0.37688115,0.49792525,0.4794404,0.38758546,0.31847465,0.49473065,0.5547009,0.36819205,0.24214908,0.47487277,0.55477625,0.43168524,0.5446942,0.4794359,0.66309845,0.4267091,0.6718083,0.4794203,0.79214174,0.42658246,0.7877028
IMG_20241017_144046.jpg,stop,0.54735035,0.38121563,0.48970348,0.39319485,0.5661172,0.5270984,0.48080084,0.4640684,0.5822123,0.64995545,0.45391127,0.31076142,0.59864163,0.79939085,0.4480923,0.14044069,0.55405587,0.8094831,0.49002755,0.79479104,0.5738545,0.97583956,0.4715434,0.99999994,0.5287744,0.85745996,0.43057847,0.8791828
1725301766743.png,stop,0.5686807,0.3274317,0.5184485,0.32683137,0.5868491,0.42880672,0.5042919,0.3823247,0.60510486,0.52041143,0.45411217,0.3170251,0.6108207,0.5986055,0.4550436,0.21261452,0.55893904,0.6112949,0.507294,0.5952528,0.5593873,0.7199012,0.51234114,0.719092,0.5526531,0.83050746,0.5164802,0.81636107
IMG_20241017_141056.jpg,stop,0.5553989,0.36624497,0.5150566,0.3778066,0.57670057,0.4906998,0.5039185,0.44497028,0.5928185,0.6035932,0.4843557,0.3413001,0.5885046,0.7302978,0.49254686,0.18194816,0.56398255,0.7385426,0.5146018,0.72563356,0.56925833,0.9275371,0.5085414,0.93863356,0.54310393,0.9825684,0.5088042,0.95597017
pose15150.png,stop,0.49557325,0.34519702,0.45474797,0.34127623,0.5093163,0.44793728,0.44378018,0.39272246,0.531198,0.5544417,0.42386898,0.28759792,0.5473694,0.65180457,0.4299069,0.1705071,0.4873445,0.65041196,0.44331717,0.63523203,0.4967352,0.7921982,0.4346376,0.8027451,0.4920426,0.9490028,0.4345776,0.94107044
pose15114.png,stop,0.49481001,0.2504529,0.45197335,0.2467693,0.50789386,0.362061,0.439986,0.30153748,0.5310335,0.47435457,0.41989407,0.19438083,0.5473985,0.5812612,0.4261101,0.06943372,0.48361784,0.5770416,0.4374391,0.5588119,0.4886963,0.73232764,0.42636546,0.74153394,0.48101306,0.8962038,0.4221816,0.8828423
IMG_20241016_111044.jpg,stop,0.58797663,0.26980126,0.551098,0.26817364,0.60036486,0.33526805,0.54132247,0.30459982,0.6172102,0.40127966,0.5208977,0.24378745,0.6139529,0.47177437,0.51546097,0.15912536,0.58853173,0.47134012,0.55026,0.4627574,0.58900833,0.56853396,0.54587984,0.57456934,0.58099455,0.6716222,0.5568093,0.66961116
IMG_20241017_140642.jpg,stop,0.51554596,0.36821553,0.481533,0.36943144,0.5306823,0.45741504,0.47376502,0.41020402,0.54642713,0.5497394,0.4500003,0.32175428,0.5530316,0.64005816,0.44483835,0.21463983,0.51234376,0.63010484,0.47600958,0.6159534,0.5192351,0.76011366,0.4735055,0.77056366,0.5174834,0.9181037,0.4851658,0.90863746
IMG_20241017_140635_1.jpg,stop,0.521704,0.27272093,0.4880533,0.2663846,0.53060216,0.36003512,0.4802163,0.30816472,0.5409295,0.44849086,0.46469837,0.2097545,0.54844356,0.5327514,0.4608698,0.09911099,0.5076317,0.5326413,0.4740361,0.51659757,0.5102934,0.6659776,0.46883032,0.6715926,0.5032092,0.8118465,0.4729811,0.8080519
IMG_20241016_103230.jpg,stop,0.5430866,0.26095736,0.50699997,0.2607307,0.5554776,0.33636892,0.4954205,0.29836506,0.5713923,0.4093601,0.47588822,0.22569242,0.5752508,0.48571652,0.49126583,0.14008202,0.5432148,0.479638,0.5031774,0.46974608,0.5439338,0.5905999,0.49677473,0.601515,0.5393286,0.69925916,0.5012707,0.7023933
IMG_20241017_140623.jpg,stop,0.57239497,0.2643943,0.53344756,0.25862074,0.5786865,0.357983,0.5252728,0.29555252,0.5877285,0.45229223,0.5178321,0.18144879,0.5881225,0.5447522,0.52282923,0.06708326,0.54739255,0.53752345,0.51210934,0.5163781,0.5522479,0.67317384,0.5121341,0.67855114,0.5404176,0.8245654,0.5222409,0.81562334
IMG_20241017_144038.jpg,stop,0.5783304,0.33756605,0.54121953,0.33014068,0.5853053,0.42634758,0.53311753,0.37266645,0.59146845,0.516702,0.51976514,0.27757564,0.59392685,0.60910696,0.51452327,0.16328748,0.5609742,0.5958875,0.5258702,0.57724386,0.55953276,0.7407452,0.5134688,0.74270767,0.53904736,0.88327265,0.50943255,0.8737282
IMG_20241017_140642_1.jpg,stop,0.52158993,0.352485,0.4875552,0.3555655,0.5356912,0.44018063,0.47927192,0.3935084,0.54958445,0.5297091,0.45505476,0.30207187,0.55655247,0.61959773,0.4483228,0.20244424,0.51663136,0.6119055,0.47998938,0.5978781,0.5237808,0.74479365,0.47693026,0.75458395,0.52109206,0.9041063,0.4870949,0.88993824
IMG_20241017_144043_1.jpg,stop,0.5849719,0.34510577,0.5354271,0.34612417,0.6004336,0.46074706,0.52593565,0.4002037,0.60985404,0.5664644,0.49920276,0.28492737,0.617553,0.6943787,0.49338663,0.14582372,0.5844329,0.68205184,0.5332742,0.66376156,0.58893704,0.87646836,0.5224992,0.9016005,0.57447785,0.97405475,0.52120024,0.9796926
IMG_20241017_141114.jpg,stop,0.50671536,0.32774192,0.4675507,0.33211976,0.5254785,0.43644825,0.46269423,0.39232126,0.5412325,0.53757054,0.44284746,0.29789028,0.53424466,0.64485806,0.4444543,0.16193813,0.5068877,0.6458965,0.46566784,0.6322885,0.5151855,0.7981791,0.46222723,0.80915534,0.5114887,0.95230824,0.46677125,0.9417724
IMG_20241017_141112.jpg,stop,0.49825478,0.38308036,0.4574869,0.3891553,0.5199619,0.49683562,0.44894192,0.44778326,0.53581613,0.6102045,0.4291088,0.3449603,0.52509904,0.7320625,0.43001676,0.21164252,0.50079364,0.73512065,0.4512129,0.7206384,0.50526315,0.90877783,0.44551793,0.92569715,0.48699087,0.96691394,0.4490649,0.9552707
IMG_20241016_111046.jpg,stop,0.58452123,0.424242,0.5479317,0.4222279,0.5977156,0.4876061,0.5384735,0.45887175,0.61113447,0.5587567,0.51941204,0.39901826,0.60706145,0.6334835,0.51379097,0.31193277,0.57999045,0.6287591,0.5420302,0.62083787,0.57935625,0.7303692,0.5368446,0.7375179,0.5707291,0.84284276,0.5440734,0.83877313
IMG_20241017_141106_1.jpg,stop,0.5949713,0.4607491,0.54801416,0.47401807,0.6170737,0.6011906,0.53243715,0.5479719,0.6302221,0.73989135,0.51577246,0.43814555,0.6263813,0.88824344,0.5247175,0.25214392,0.60338056,0.8997747,0.54106766,0.8859019,0.61829275,0.99999994,0.5216649,0.99999994,0.56939936,0.90636706,0.49213287,0.9402485
IMG_20241017_141055.jpg,stop,0.49544162,0.39573988,0.45272192,0.40891412,0.5157001,0.5188925,0.44250455,0.47217947,0.5307782,0.63305426,0.4233959,0.36826468,0.52524287,0.7579854,0.42935887,0.21281275,0.5003905,0.7743638,0.4490939,0.7602599,0.5044895,0.9585424,0.44321835,0.97403526,0.4621657,0.9645419,0.42743504,0.94111055
IMG_20241017_144048.jpg,stop,0.4967251,0.33409908,0.4464326,0.33668706,0.5128615,0.44936442,0.4400438,0.3926638,0.52884626,0.5543502,0.41485345,0.2798208,0.5390069,0.67654413,0.40698773,0.1329516,0.50333244,0.6816975,0.4535215,0.66630775,0.50475043,0.89176756,0.4491363,0.9189881,0.48728913,0.96169436,0.43667415,0.97151214
IMG_20241017_140640_1.jpg,stop,0.53703046,0.302417,0.50194514,0.28983366,0.54359543,0.38759413,0.49161455,0.32971543,0.54992384,0.48334047,0.47338212,0.23848028,0.5524234,0.57724494,0.4688318,0.13454786,0.5151447,0.55295515,0.4807738,0.53283,0.5139223,0.68642896,0.4727081,0.68510616,0.5059607,0.8353954,0.4748081,0.82627964
IMG_20241017_144044.jpg,stop,0.5576935,0.38298154,0.50455004,0.38731742,0.5761413,0.5105405,0.49498188,0.44546944,0.5907707,0.63264763,0.46374488,0.32015312,0.5992721,0.7699816,0.45479223,0.16807204,0.5575181,0.7599637,0.50014764,0.7406237,0.56690013,0.96256495,0.49208468,0.99279153,0.5295132,0.9346903,0.4677265,0.9386209
IMG_20241016_111040.jpg,stop,0.5724053,0.35945377,0.53793824,0.35641006,0.58582395,0.42219657,0.52549255,0.39256904,0.60221624,0.48437873,0.50229377,0.33561876,0.599563,0.5560456,0.50106263,0.25325957,0.5755603,0.55528283,0.53718686,0.547085,0.57618535,0.65313125,0.5311416,0.6595509,0.5664376,0.75417006,0.5402346,0.756153
IMG_20241017_141105.jpg,stop,0.49958408,0.41098815,0.45358077,0.424876,0.5255785,0.5428284,0.4427583,0.49261418,0.5383199,0.675049,0.4211387,0.37581578,0.5333219,0.8163507,0.42288896,0.21223184,0.50737214,0.82843846,0.44959828,0.8146624,0.5119291,0.9845506,0.43990725,0.99999994,0.46198422,0.91420954,0.43260252,0.89767456
pose15045.png,stop,0.47254324,0.25782245,0.43590745,0.26316676,0.49508238,0.3678622,0.4208931,0.32806906,0.5276462,0.44516712,0.39110193,0.24275231,0.5030762,0.4490063,0.39936954,0.117826484,0.48355174,0.577239,0.43751618,0.5661322,0.48989135,0.7322785,0.43695584,0.74447703,0.49634218,0.9003229,0.45276353,0.89567596
IMG_20241017_141045.jpg,stop,0.570246,0.4077728,0.5255746,0.4151539,0.5920779,0.5314691,0.51586187,0.47933602,0.60625994,0.6505909,0.49618953,0.3688232,0.59640473,0.78276426,0.50511193,0.21955734,0.5697374,0.7866626,0.5168947,0.7699767,0.5728164,0.97167426,0.5084527,0.9892435,0.5471707,0.9749393,0.51159275,0.9557667
IMG_20241017_141104.jpg,stop,0.29281726,0.4489986,0.24298732,0.45395756,0.3144353,0.5765056,0.2330387,0.51996994,0.32880563,0.69591147,0.21252862,0.40659043,0.3154765,0.8309052,0.21063942,0.24986368,0.2905888,0.8460306,0.23204051,0.82808405,0.29471347,0.9936857,0.2159813,0.99999994,0.2783424,0.90170133,0.21915932,0.92163646
pose15040.png,stop,0.6571495,0.24715713,0.6204889,0.2415437,0.6713845,0.34841815,0.6019658,0.2994311,0.69584656,0.43741536,0.5748062,0.20953578,0.7031059,0.5410337,0.58213633,0.098006226,0.6654901,0.55999345,0.61975163,0.5489835,0.6737253,0.7186568,0.61843413,0.7316996,0.67379415,0.8796453,0.6315392,0.8892006
IMG_20241017_144050_1.jpg,stop,0.4627424,0.36398095,0.42322704,0.36208844,0.4764032,0.4562564,0.41704765,0.40962335,0.48441464,0.55404615,0.39922807,0.31641373,0.49278,0.6553815,0.39351445,0.19482441,0.45935196,0.644562,0.4190686,0.63099337,0.4614904,0.80265546,0.41294378,0.81015074,0.4471656,0.9697001,0.41663516,0.9655307
IMG_20241017_141048_1.jpg,stop,0.49586177,0.4762829,0.4522199,0.4798346,0.5158243,0.5932719,0.44104353,0.53963536,0.5250771,0.7143495,0.42264974,0.43381235,0.521786,0.836935,0.4281758,0.2892514,0.4965029,0.84743243,0.44235805,0.8320086,0.5018904,0.9871987,0.4261057,0.99999994,0.46450263,0.9047259,0.41679794,0.9019512
IMG_20241017_141107.jpg,stop,0.55713046,0.34914562,0.51119065,0.36156282,0.57984275,0.48801658,0.49971944,0.4351764,0.592913,0.6168694,0.4788242,0.3213393,0.5894888,0.7585839,0.48966143,0.14926282,0.56044066,0.7716675,0.50557023,0.7548446,0.5597673,0.9747024,0.4976745,0.9868693,0.51568055,0.9634543,0.48917058,0.9305772
IMG_20241017_144045.jpg,stop,0.5296872,0.35432467,0.47464487,0.3596939,0.5487307,0.4837453,0.46195555,0.4192179,0.5641313,0.61459976,0.4326223,0.29416108,0.5763386,0.7577097,0.4198725,0.13303971,0.53247756,0.75512445,0.4711479,0.7357593,0.54013693,0.9544236,0.45023915,0.98908466,0.5278904,0.9498966,0.4544401,0.9613972
IMG_20241017_140630_1.jpg,stop,0.5574527,0.3247537,0.5213929,0.3265616,0.57037914,0.41988972,0.51351523,0.3706744,0.5851244,0.50861645,0.49566218,0.26548496,0.5942465,0.60085875,0.49285886,0.1459359,0.55469126,0.6036502,0.5178029,0.589656,0.56144917,0.74715686,0.5128907,0.75777984,0.55272657,0.9057883,0.52127993,0.90101916
IMG_20241017_141109.jpg,stop,0.49414396,0.38631472,0.45333108,0.39489344,0.51156026,0.5028215,0.44235623,0.45407516,0.5242274,0.61593854,0.42678258,0.35417157,0.51934433,0.73477054,0.4344839,0.21337591,0.49286324,0.7441949,0.44379663,0.7296191,0.49534768,0.9211466,0.43331504,0.9366953,0.4690947,0.9712104,0.42995384,0.95439947
IMG_20241017_141106.jpg,stop,0.5749986,0.35821328,0.52609634,0.37558505,0.6006121,0.5020359,0.5141182,0.45023122,0.61285067,0.63405854,0.49132872,0.33263972,0.61004364,0.7743807,0.5009009,0.15897173,0.5820467,0.7906955,0.522211,0.7743434,0.584182,0.98374945,0.51525825,0.99959576,0.5328498,0.94933796,0.5102995,0.9071281
IMG_20241017_141108.jpg,stop,0.53018963,0.38303515,0.48640153,0.3981344,0.55380684,0.5088005,0.47806305,0.46252456,0.5735059,0.61693096,0.45318776,0.35463253,0.5722939,0.74712306,0.45692506,0.20420745,0.5465403,0.75666016,0.49420726,0.7444162,0.557552,0.9472678,0.4924723,0.9715302,0.53071535,0.97887295,0.47934344,0.9681619
IMG_20241017_141052.jpg,stop,0.49765238,0.31965476,0.45244047,0.32774222,0.52059555,0.44396535,0.44600534,0.39020628,0.5386712,0.556461,0.42349598,0.2804509,0.52942353,0.68350273,0.42031738,0.12688571,0.50874764,0.686225,0.45781666,0.67064244,0.5147556,0.8571761,0.45628268,0.8812526,0.50434285,0.97477317,0.45884818,0.9798278
IMG_20241016_103232_1.jpg,stop,0.54833955,0.26049262,0.51163524,0.2612932,0.5649869,0.33414108,0.5050828,0.29891223,0.5816118,0.4066142,0.4810285,0.22930613,0.5867076,0.4823478,0.4894795,0.14376335,0.5515206,0.4725956,0.51353955,0.46342084,0.56213003,0.58632517,0.51659346,0.5937576,0.5643996,0.6917175,0.5250725,0.68655735
1725301760843.png,stop,0.5512423,0.33504018,0.5004523,0.33463317,0.5694227,0.43759975,0.48474923,0.3926839,0.58820873,0.5260006,0.43901226,0.3082103,0.5925817,0.61240834,0.43138197,0.20441227,0.5426193,0.62568027,0.49028364,0.61195815,0.5476297,0.74827665,0.49125016,0.75156033,0.5380102,0.8656727,0.50275797,0.8520129
IMG_20241017_140637.jpg,stop,0.49683797,0.26659864,0.46361724,0.26685575,0.5060553,0.34967396,0.45435122,0.30599776,0.51615024,0.4351686,0.43974423,0.21397124,0.52178055,0.52160496,0.43428323,0.10000498,0.4859343,0.51852983,0.45173594,0.5055042,0.49114254,0.6517161,0.4442917,0.6575772,0.484328,0.79766643,0.45427468,0.78840446
IMG_20241017_141054_1.jpg,stop,0.44343153,0.41819233,0.4005906,0.42816132,0.46206662,0.54367733,0.38742018,0.49158952,0.47414342,0.6657554,0.3715165,0.3903472,0.46715957,0.7902071,0.38111624,0.23087281,0.44195205,0.8037837,0.38887653,0.7863226,0.443788,0.9790655,0.3794194,0.99215966,0.3946236,0.9451655,0.36527368,0.9196305
IMG_20241017_141111.jpg,stop,0.44217446,0.4392048,0.39688686,0.44800532,0.46453884,0.5617054,0.3873562,0.51090807,0.48004782,0.67906785,0.36427036,0.40457353,0.471588,0.8149956,0.3625933,0.24712528,0.44672683,0.8225694,0.39210558,0.80676967,0.44971496,0.9843227,0.37843636,0.99999994,0.42850053,0.9142643,0.37591782,0.92390937
IMG_20241016_103003.jpg,stop,0.46327338,0.2304945,0.42002988,0.23193327,0.47770888,0.31081733,0.41057748,0.27262893,0.49070942,0.38771993,0.37291104,0.20856738,0.49035543,0.46752366,0.3534413,0.12096007,0.46130025,0.46349823,0.416956,0.4514951,0.46726295,0.5817513,0.4143911,0.5872007,0.46478269,0.7164571,0.4149193,0.7083435
IMG_20241017_141046.jpg,stop,0.4964886,0.4244649,0.4522622,0.43107647,0.51557314,0.5482923,0.4389056,0.49345407,0.52779514,0.6693233,0.4224536,0.3862263,0.52134615,0.7962979,0.4314672,0.23235053,0.49700895,0.80875444,0.44218847,0.7911945,0.49970496,0.97931826,0.43277508,0.997147,0.4481687,0.9265706,0.41714752,0.9104722
IMG_20241017_140639.jpg,stop,0.527365,0.26448506,0.4925319,0.26642743,0.53687006,0.3514527,0.48489746,0.3039323,0.54782486,0.43700886,0.4699475,0.20666197,0.55176425,0.52474344,0.46367022,0.097923085,0.514981,0.5175344,0.4803757,0.5026744,0.5189671,0.64743847,0.4728824,0.6575169,0.5115044,0.79706734,0.4815574,0.7870339
IMG_20241017_140404.jpg,nao_acao,0.5203524,0.10737634,0.48195142,0.10750842,0.53770584,0.20365237,0.46597055,0.20005673,0.55195594,0.31940615,0.44843867,0.30705112,0.5505321,0.4251301,0.44364482,0.4126329,0.5183113,0.40625706,0.4732589,0.40454918,0.5125697,0.5501592,0.4820298,0.54924023,0.5085306,0.68643546,0.48827577,0.68928826
pose9090.png,nao_acao,0.36955675,0.14594643,0.32948452,0.15030374,0.38908786,0.25856283,0.30909607,0.24525109,0.40311667,0.36860713,0.2803446,0.2940009,0.40191507,0.4436564,0.31544134,0.27272433,0.377055,0.4781258,0.32754308,0.4776687,0.38624316,0.6569113,0.3366532,0.6614165,0.38561454,0.8294392,0.34907442,0.8239697
pose7141.jpg,nao_acao,0.47582588,0.29343656,0.43468028,0.2945664,0.5011248,0.37883046,0.4124866,0.37964183,0.5455931,0.40929413,0.36525905,0.41942793,0.5503201,0.38399735,0.37146884,0.41030762,0.48095748,0.61163807,0.42810425,0.61108595,0.47915396,0.76301986,0.42663765,0.76335436,0.4713138,0.9119383,0.42970702,0.9142731
IMG_20241029_132809_1.jpg,nao_acao,0.42334244,0.28062612,0.38267267,0.29495734,0.4564423,0.37157628,0.37170774,0.38855344,0.49833196,0.48059058,0.34518087,0.5042576,0.5224216,0.5774272,0.32464835,0.6177849,0.44913137,0.6108628,0.39578435,0.6194652,0.46614358,0.7710277,0.3972441,0.7833074,0.4609466,0.9383816,0.41439298,0.93639505
pose3145.jpg,nao_acao,0.52408046,0.25139594,0.48935875,0.24940453,0.55226463,0.33938915,0.4725743,0.33460447,0.56759846,0.45317233,0.4359068,0.4012532,0.5784864,0.55673695,0.47081438,0.385107,0.53361434,0.5656196,0.48441648,0.5657232,0.5317819,0.7270144,0.4828044,0.72853124,0.5256782,0.8784543,0.48514554,0.86966705
IMG_20241029_133519.jpg,nao_acao,0.5159151,0.2281684,0.46628693,0.22603475,0.5349664,0.33412433,0.44303232,0.33151868,0.56200296,0.47658932,0.4072045,0.47308418,0.5776903,0.60978884,0.38814163,0.61113214,0.5167242,0.59741265,0.45539504,0.5962431,0.5293345,0.77838653,0.4364214,0.7798969,0.52123225,0.9671278,0.4326417,0.9701964
IMG_20241029_133520.jpg,nao_acao,0.4003543,0.11981701,0.34519023,0.1208836,0.41867924,0.24097328,0.3183467,0.24174477,0.44962448,0.3947134,0.28442603,0.40586084,0.47298867,0.5396375,0.2728004,0.5652414,0.4099473,0.5244426,0.34256607,0.52911717,0.42479384,0.7285392,0.32709467,0.7506254,0.41915485,0.92082906,0.3165456,0.9531679
IMG_20241029_132825.jpg,nao_acao,0.69392717,0.14959934,0.64964855,0.1624408,0.7142163,0.2546672,0.6314785,0.26311296,0.7332299,0.38119617,0.6082381,0.3958321,0.73048604,0.49622446,0.62057596,0.51462746,0.6987415,0.5022276,0.6467047,0.5046819,0.69681805,0.65956455,0.63339776,0.67083406,0.6825648,0.8100559,0.6288243,0.8141393
pose5028.jpg,nao_acao,0.5146212,0.24289325,0.47785074,0.24525313,0.5389361,0.3345727,0.45989496,0.31145787,0.5733232,0.37908342,0.4336799,0.27694458,0.54010504,0.3439052,0.46426088,0.18789859,0.5225335,0.563903,0.47335225,0.5551017,0.520409,0.7149208,0.47406983,0.7176254,0.513427,0.87487066,0.47248107,0.87595606
IMG_20241029_132810.jpg,nao_acao,0.5122693,0.361453,0.47055447,0.37592682,0.54331994,0.4561892,0.4550986,0.4711956,0.5710939,0.5741094,0.43352062,0.59499353,0.575694,0.6858009,0.44591334,0.71025723,0.5400175,0.70409876,0.4821462,0.71298194,0.55101603,0.8756214,0.48084834,0.8887718,0.54042614,0.99425024,0.4986357,0.9908814
IMG_20241017_140352.jpg,nao_acao,0.5201115,0.14920577,0.47689897,0.15154216,0.54076195,0.25103095,0.45979348,0.2555954,0.5606602,0.38005543,0.44156158,0.3822592,0.5568358,0.49286276,0.44878036,0.49308893,0.5286691,0.47703588,0.47855455,0.48013693,0.5288802,0.63640296,0.47943255,0.64420795,0.51665545,0.80362386,0.49650905,0.80864334
IMG_20241017_144220.jpg,nao_acao,0.29989487,0.15725102,0.24696335,0.15896145,0.32344082,0.26834404,0.23230147,0.2789655,0.35151058,0.391306,0.21845654,0.4095569,0.35434377,0.50521284,0.22283483,0.5230806,0.31891194,0.5207528,0.2615921,0.52798295,0.3295002,0.6772062,0.2633,0.6873611,0.31982002,0.819138,0.28597352,0.833054
IMG_20241029_133521_1.jpg,nao_acao,0.5589618,0.10537447,0.50526375,0.111068614,0.57767767,0.22306047,0.48320934,0.22902535,0.6013211,0.37214926,0.45455492,0.38831514,0.61650014,0.51252043,0.45105815,0.5348595,0.572358,0.49566236,0.50826895,0.502926,0.58288825,0.6874325,0.49320394,0.71485114,0.58450764,0.87985,0.4870588,0.9130207
pose6091.png,nao_acao,0.32570645,0.24254252,0.28402373,0.24278563,0.3444425,0.32588086,0.25882939,0.3234313,0.3843693,0.37614882,0.20602575,0.34758267,0.36253196,0.36810228,0.17743693,0.31871802,0.33088621,0.55991524,0.2806457,0.5595993,0.3355815,0.7187546,0.28329915,0.72834575,0.3282144,0.85808754,0.2927059,0.8726641
IMG_20241029_133436.jpg,nao_acao,0.7339567,0.1928663,0.6800195,0.19563538,0.75227535,0.3166304,0.65659344,0.311248,0.76861304,0.4732589,0.6230988,0.45227712,0.77500457,0.6191691,0.6050566,0.5888242,0.7196099,0.60326874,0.65860325,0.598251,0.71602273,0.7963932,0.6474613,0.79793847,0.7004041,0.97333443,0.65592295,0.9622985
IMG_20241017_140807.jpg,nao_acao,0.5747317,0.28523815,0.5304791,0.2813877,0.5911615,0.3928038,0.50862074,0.39091498,0.60869586,0.5337301,0.49218285,0.52897525,0.60463315,0.64599067,0.49849433,0.642959,0.5793672,0.64279616,0.525324,0.64338034,0.5796448,0.8196164,0.5176499,0.8250041,0.57197577,0.9731642,0.52843255,0.97710824
IMG_20241029_132750_1.jpg,nao_acao,0.63577765,0.17643239,0.59112555,0.17663415,0.649991,0.28827447,0.5724955,0.2876859,0.66734934,0.41977322,0.55481124,0.4195063,0.6700494,0.5344202,0.55818164,0.5377341,0.6379031,0.54590636,0.58872145,0.5463115,0.6378287,0.7218228,0.58470887,0.7237124,0.6296682,0.8890962,0.5898333,0.8957127
pose9096.png,nao_acao,0.48263866,0.0934444,0.44026357,0.09156621,0.49881467,0.19533543,0.41772625,0.1848537,0.5124385,0.3094781,0.3989113,0.25048918,0.4945008,0.34854728,0.43137723,0.19800241,0.48563582,0.43043402,0.4337371,0.4294928,0.49002334,0.6119311,0.4385128,0.61325973,0.48352543,0.7804304,0.4443287,0.78148484
IMG_20241029_133445.jpg,nao_acao,0.6365233,0.20227136,0.58912235,0.20474541,0.6561915,0.31691363,0.5644511,0.3137541,0.69144803,0.45101458,0.5231261,0.4388861,0.7225742,0.570766,0.49379432,0.5660982,0.6331013,0.58423793,0.5764281,0.5833853,0.6315414,0.77067536,0.5670493,0.778618,0.61864614,0.9310824,0.5786509,0.9402274
1725302330651.png,nao_acao,0.39730608,0.31552273,0.3548212,0.3187343,0.41257596,0.39593458,0.329874,0.38059363,0.4297664,0.48188674,0.27893624,0.4061483,0.42931262,0.5585693,0.31630495,0.39971823,0.3932104,0.5664562,0.3419789,0.56426656,0.3962124,0.68492615,0.34854525,0.6934402,0.40036455,0.80743444,0.34801322,0.8061004
IMG_20241029_133452_1.jpg,nao_acao,0.5587042,0.14099869,0.511185,0.14618506,0.5785611,0.257169,0.48941407,0.2538544,0.61340994,0.39377332,0.45012286,0.38141006,0.64235646,0.5171234,0.42215264,0.5094208,0.5601738,0.52043366,0.5054315,0.5202422,0.55600655,0.699134,0.4997864,0.7109411,0.5458397,0.8528478,0.50590706,0.86668336
IMG_20241017_140358.jpg,nao_acao,0.4092387,0.24734066,0.3710875,0.24787858,0.42752934,0.34007218,0.35390586,0.3397754,0.4441666,0.45142183,0.33784023,0.44700053,0.44610956,0.55649406,0.33406368,0.5503462,0.41122228,0.5415401,0.36499602,0.5423349,0.4089002,0.686005,0.37482095,0.6881495,0.40449706,0.82884747,0.38474494,0.83391875
IMG_20241029_133429.jpg,nao_acao,0.43180746,0.15950799,0.38051516,0.1627767,0.45393184,0.27877906,0.363525,0.28189787,0.4749194,0.42697954,0.3379988,0.4226853,0.48326266,0.56230456,0.32540387,0.5565065,0.4377162,0.5620594,0.3798544,0.5635236,0.44250152,0.7537923,0.3763061,0.76001525,0.43728396,0.9101933,0.3902448,0.9121654
pose9098.png,nao_acao,0.5545047,0.111146376,0.5130617,0.11430232,0.5711809,0.21503481,0.4938212,0.20588167,0.58276457,0.3134827,0.4785099,0.26308927,0.5600643,0.32381555,0.51352835,0.21911976,0.5616404,0.452302,0.51146394,0.45146155,0.56837124,0.6336688,0.51514375,0.63527787,0.56474245,0.7935895,0.52513856,0.7947948
IMG_20241029_133520_1.jpg,nao_acao,0.49755538,0.16104706,0.44346392,0.16141962,0.5176407,0.28102842,0.4187022,0.27844313,0.54354143,0.42511132,0.383259,0.44062102,0.53704554,0.43553934,0.37735215,0.5895884,0.5050585,0.559567,0.4368433,0.5615118,0.5121577,0.75515884,0.42228812,0.7750567,0.50975394,0.9439514,0.41212904,0.97209275
IMG_20241029_133516_2.jpg,nao_acao,0.53804725,0.22366862,0.48760217,0.22435094,0.55814785,0.3320209,0.46703961,0.33131304,0.5908718,0.47948423,0.43442133,0.4744791,0.60807335,0.60929143,0.41507298,0.6106019,0.54535145,0.5955081,0.4836218,0.59647304,0.5606634,0.7868952,0.4682129,0.7899941,0.56389725,0.9795306,0.4645169,0.97794443
pose3040.jpg,nao_acao,0.6406595,0.54708433,0.6305093,0.5514171,0.62424123,0.6126212,0.5972814,0.659855,0.66731304,0.73430955,0.6368515,0.80539584,0.6928408,0.7609188,0.6606767,0.667152,0.65840185,0.8502706,0.6337151,0.8943102,0.79230016,0.9174715,0.7259626,0.9688971,0.8023426,0.9872039,0.7434899,1.0
IMG_20241017_143703.jpg,nao_acao,0.3590604,0.23396488,0.31475553,0.22575842,0.37130108,0.3208146,0.29878834,0.3243071,0.38955477,0.43780565,0.28875697,0.45611984,0.39998445,0.5450423,0.28859466,0.5700467,0.36723983,0.53746057,0.32007363,0.54114187,0.3710059,0.7102268,0.31338266,0.71456087,0.36250585,0.873597,0.31678122,0.88977104
IMG_20241017_140402_1.jpg,nao_acao,0.47803125,0.15583833,0.4379656,0.15661302,0.49510133,0.24738595,0.42356992,0.24993539,0.5124851,0.3639279,0.40526488,0.36576176,0.51872677,0.4658493,0.40895024,0.46553937,0.48342034,0.45444417,0.43871105,0.45749772,0.47872198,0.59893596,0.44305012,0.60278213,0.472768,0.7421728,0.45210126,0.7487924
IMG_20241029_133531.jpg,nao_acao,0.38236865,0.13102801,0.32472566,0.14694668,0.40935525,0.25145897,0.3052311,0.27114338,0.44341975,0.40898514,0.27914724,0.45300648,0.46440938,0.5596952,0.2880721,0.62206954,0.4142832,0.55239105,0.34420025,0.56698585,0.43041545,0.75586754,0.33490044,0.78842276,0.43347406,0.9527807,0.3329423,0.9757069
IMG_20241029_133536.jpg,nao_acao,0.44829646,0.08249482,0.39968097,0.08323929,0.46569565,0.19001006,0.37889948,0.19584788,0.49137026,0.32543838,0.35271433,0.3382371,0.5028013,0.44277564,0.35064515,0.4694545,0.46094167,0.4537259,0.40208837,0.46014392,0.4714536,0.639873,0.38716295,0.6608753,0.47093132,0.82360965,0.37797266,0.8595335
IMG_20241029_132738.jpg,nao_acao,0.5178226,0.17807846,0.47263974,0.18085186,0.53783643,0.2776418,0.45630714,0.28241798,0.5572754,0.41064262,0.4384956,0.41567454,0.5605949,0.5325676,0.43858814,0.54449034,0.52821046,0.5446467,0.4762017,0.5482073,0.5361201,0.72939175,0.47493565,0.73380405,0.52885973,0.90873045,0.4910326,0.9118934
IMG_20241017_144219.jpg,nao_acao,0.32289228,0.16603869,0.26958916,0.16599293,0.34287885,0.2773571,0.2570552,0.28652197,0.3731224,0.39918008,0.24330938,0.4147506,0.37643084,0.50987244,0.24648456,0.52551615,0.33999106,0.5265488,0.28626886,0.53307194,0.34613377,0.6859515,0.29047975,0.695579,0.33932695,0.8205673,0.3051204,0.83596355
IMG_20241029_132745_1.jpg,nao_acao,0.62521774,0.14506415,0.5812085,0.15067483,0.6427155,0.25855035,0.56482214,0.26633358,0.66397804,0.38982666,0.5532116,0.40626863,0.6704031,0.5017334,0.5634193,0.5261767,0.64019114,0.518014,0.5905436,0.5243037,0.64599705,0.6954907,0.59119415,0.7076452,0.64105266,0.8659315,0.60027385,0.8814363
IMG_20241029_132749_1.jpg,nao_acao,0.5312288,0.113053195,0.48404264,0.10594707,0.54138446,0.23803575,0.45818856,0.23529558,0.558648,0.38659516,0.4368866,0.38914582,0.56234163,0.5117183,0.44016427,0.52575773,0.527177,0.5274588,0.4744979,0.5280036,0.52324146,0.72746336,0.4650284,0.7289381,0.50806653,0.9107311,0.4688047,0.925599
IMG_20241029_133532_1.jpg,nao_acao,0.4719431,0.18550605,0.42453116,0.1890615,0.48927957,0.28580394,0.40656266,0.29731062,0.5135299,0.41463926,0.3835297,0.4410864,0.5279538,0.5376612,0.38794586,0.5752445,0.48917374,0.54134184,0.43397793,0.55118793,0.4970929,0.7105697,0.41694853,0.73944217,0.4941591,0.88648224,0.40596595,0.93358225
pose1010.png,nao_acao,0.45870215,0.25251886,0.41979575,0.25435343,0.47921234,0.3334037,0.40108463,0.3410659,0.5199539,0.4132932,0.37379465,0.41902527,0.56386936,0.46552074,0.41511485,0.39602447,0.46795517,0.5517319,0.41929173,0.55974007,0.470046,0.703434,0.4169024,0.7136361,0.46137953,0.84977216,0.42465755,0.86488295
IMG_20241029_133447.jpg,nao_acao,0.3865642,0.17220776,0.33705053,0.17515753,0.4088395,0.2893961,0.3134303,0.29120177,0.44397986,0.4263971,0.26985985,0.4197796,0.47622064,0.5424171,0.236824,0.5566063,0.38784793,0.5648103,0.32958806,0.5674273,0.39095983,0.7545418,0.32502082,0.76715827,0.37634936,0.91341704,0.33849362,0.93014055
pose15065.png,nao_acao,0.39062485,0.2955064,0.4065747,0.29195982,0.38176104,0.39612675,0.4254976,0.35484213,0.3790525,0.49044636,0.4833591,0.3043887,0.3891302,0.5098465,0.45263287,0.22666207,0.41044697,0.60509664,0.4335072,0.59591264,0.43680573,0.7621702,0.42481634,0.7646181,0.4344316,0.9113819,0.43763837,0.9167918
IMG_20241029_133523.jpg,nao_acao,0.45977294,0.12346853,0.40283918,0.13114046,0.49086806,0.24996485,0.38770294,0.25187695,0.5342424,0.3925137,0.36221167,0.42522535,0.47728866,0.2906557,0.35587427,0.5726841,0.48802397,0.53758085,0.41845667,0.5374753,0.5052457,0.73939407,0.41158134,0.7626468,0.5213105,0.94666606,0.40526673,0.971961
pose1020.png,nao_acao,0.4629118,0.25328222,0.42436385,0.2565978,0.47579747,0.34523818,0.40252954,0.33850405,0.49868628,0.44645077,0.36110905,0.39241105,0.50769234,0.54694724,0.34237078,0.39976168,0.46288505,0.5650556,0.41771522,0.56560826,0.46467844,0.70884484,0.41534176,0.7239704,0.450663,0.848297,0.41506276,0.8616582
IMG_20241017_140358_1.jpg,nao_acao,0.40653807,0.29103276,0.36728987,0.29093456,0.42502326,0.38436776,0.35021576,0.38377756,0.4418607,0.49647152,0.33434743,0.49259228,0.4440758,0.6042317,0.33091402,0.5992529,0.4082425,0.5881574,0.36115754,0.58863765,0.4058926,0.73556095,0.37029833,0.73677856,0.40014678,0.8821995,0.3788073,0.88613236
IMG_20241029_133521.jpg,nao_acao,0.5648137,0.16010067,0.51158744,0.16605783,0.58902603,0.27914405,0.4903231,0.28565106,0.6279944,0.411622,0.4620871,0.44723305,0.6079079,0.44575515,0.45943722,0.59609175,0.58054656,0.5534895,0.5154775,0.5564046,0.5865049,0.7494694,0.5008983,0.7684127,0.58635247,0.94055605,0.4886475,0.9626656
IMG_20241029_132820.jpg,nao_acao,0.26164,0.2678493,0.21325177,0.27686164,0.29060468,0.37482923,0.19209786,0.38364935,0.31637064,0.51468676,0.16688122,0.5250216,0.31292388,0.6320092,0.17656885,0.65328383,0.2786579,0.6438035,0.21429583,0.6491576,0.2862741,0.8263103,0.20783827,0.83948725,0.27392426,0.9880662,0.224933,0.9891741
pose1089.png,nao_acao,0.44428214,0.32330242,0.4075645,0.32190982,0.46381766,0.3961562,0.38657936,0.40278,0.4822856,0.4942455,0.36453405,0.5170521,0.43648133,0.4522819,0.37849241,0.47711557,0.44834957,0.61541575,0.39835563,0.61857086,0.44339052,0.7703988,0.40356565,0.77813774,0.4390242,0.91087383,0.40395257,0.9232737
IMG_20241017_144216.jpg,nao_acao,0.5753693,0.21155666,0.5259246,0.20431851,0.58689004,0.321826,0.50484943,0.31829575,0.604956,0.44490638,0.48207733,0.44205645,0.60216844,0.5563335,0.48219573,0.5499031,0.5679957,0.56194806,0.51684076,0.56010807,0.5661897,0.7159272,0.5092762,0.7168358,0.54613256,0.85762525,0.51249075,0.86415863
IMG_20241101_141943.jpg,nao_acao,0.54224384,0.059492588,0.4969601,0.048585825,0.55971617,0.17546459,0.46464026,0.16265702,0.6022829,0.29997316,0.4221685,0.2681101,0.56208783,0.3824155,0.38111135,0.36477605,0.5258115,0.45177466,0.46801293,0.43971202,0.51704216,0.6331304,0.4506049,0.6225202,0.508744,0.7996935,0.4530929,0.800283
IMG_20241029_132746.jpg,nao_acao,0.5261034,0.18220086,0.48244512,0.18688597,0.5453952,0.29119304,0.46860185,0.29887992,0.56753904,0.42135093,0.45932153,0.43877852,0.5747137,0.53447473,0.47096416,0.5637658,0.5449901,0.550751,0.4955092,0.556873,0.55070263,0.7303934,0.49627656,0.7407252,0.5484583,0.8996296,0.50614405,0.91370165
IMG_20241029_133432.jpg,nao_acao,0.3950147,0.31241462,0.3452173,0.31716758,0.4208532,0.42816225,0.3236326,0.43167755,0.4435291,0.57643634,0.30122402,0.5737788,0.45490023,0.71831244,0.28485677,0.715959,0.40378383,0.71823907,0.34069258,0.72086596,0.40752092,0.9172112,0.3427997,0.9277813,0.38427445,0.9718067,0.36673102,0.9713455
IMG_20241029_133535.jpg,nao_acao,0.5161346,0.2504739,0.46979642,0.25505924,0.5346522,0.35273963,0.45016542,0.35946172,0.5578101,0.48478395,0.42642906,0.5012774,0.5715759,0.6058451,0.42706835,0.63225526,0.53263956,0.6004106,0.47482914,0.606375,0.53984934,0.7871734,0.45736602,0.79998636,0.54108685,0.97468674,0.45186913,0.98429346
IMG_20241029_133434.jpg,nao_acao,0.47564846,0.20127943,0.42649207,0.20652099,0.4958808,0.3169409,0.40835887,0.31835625,0.5172003,0.4656089,0.38351658,0.45774493,0.5260528,0.6005322,0.3699334,0.5898307,0.4776038,0.5934591,0.4218346,0.59419817,0.4811877,0.7736942,0.4177292,0.7836048,0.47440317,0.9426017,0.43042868,0.94306856
IMG_20241029_132824.jpg,nao_acao,0.6617274,0.22169553,0.61849964,0.23690253,0.68354636,0.3229661,0.6014951,0.3356064,0.7057622,0.44803122,0.5835429,0.4701738,0.708412,0.5625286,0.5999489,0.5821367,0.678558,0.5712935,0.6252959,0.5778072,0.68103224,0.7363944,0.61361516,0.7529183,0.6744195,0.9010331,0.6154436,0.9077547
IMG_20241017_143702.jpg,nao_acao,0.34521577,0.29792163,0.2989946,0.28778052,0.35696372,0.38572887,0.28366977,0.38695693,0.37474993,0.50308573,0.2705077,0.51736027,0.38474572,0.61077654,0.2693572,0.6378968,0.34949002,0.5977103,0.302398,0.60013175,0.3517677,0.77379036,0.29684064,0.7749111,0.34115037,0.94619596,0.29794008,0.9594463
IMG_20241017_140811.jpg,nao_acao,0.5333463,0.117847696,0.48297432,0.11818168,0.5532287,0.24307723,0.4627222,0.2413298,0.5702382,0.3989342,0.4438224,0.38926545,0.56137013,0.5206078,0.44875747,0.5093277,0.53567785,0.51524687,0.47796157,0.51532954,0.53815174,0.6925188,0.4748957,0.7022474,0.53219366,0.8601697,0.48099497,0.8688969
IMG_20241029_132825_1.jpg,nao_acao,0.62162155,0.26535028,0.57860494,0.27412808,0.6386145,0.3598363,0.5590603,0.36594516,0.65797853,0.48473412,0.5360124,0.49557343,0.6544726,0.59443,0.54795283,0.6081068,0.6257582,0.5997699,0.5746121,0.6018855,0.623272,0.7555304,0.56073475,0.7663743,0.6113187,0.9036208,0.55732733,0.90777755
IMG_20241029_133523_1.jpg,nao_acao,0.5492681,2.5501064e-05,0.4971195,0.012573927,0.58712214,0.11695223,0.48390257,0.12747231,0.6249408,0.2905585,0.46771148,0.29623264,0.6236347,0.43241364,0.4556835,0.43651235,0.5774961,0.40802094,0.5071059,0.4108353,0.5995901,0.6235925,0.50526655,0.62371016,0.6180208,0.8206675,0.5102184,0.8141427
pose10001.png,nao_acao,0.40631375,0.20417126,0.36111343,0.20107524,0.42154008,0.32072347,0.34030876,0.3118817,0.43142137,0.45982602,0.31855366,0.43738702,0.43018958,0.56555754,0.3121847,0.5559592,0.39677176,0.5588214,0.3452812,0.5543564,0.40004036,0.76026005,0.3429595,0.75739205,0.39021158,0.93243337,0.35162243,0.9282598
IMG_20241029_133438.jpg,nao_acao,0.48174512,0.10033927,0.4259683,0.10023925,0.49785253,0.23326932,0.39950153,0.22322264,0.51564944,0.40223983,0.36452544,0.38098168,0.5219046,0.55168617,0.34984222,0.53051,0.46970898,0.5354609,0.40615565,0.5295514,0.46309233,0.7483977,0.3964736,0.7458435,0.45049307,0.92564714,0.40590528,0.91764396
pose3120.jpg,nao_acao,0.70245373,0.4476969,0.70819706,0.44331777,0.66253155,0.46703205,0.6642129,0.47348398,0.69405675,0.60701,0.7129869,0.6283737,0.7801133,0.70327014,0.81939757,0.7162706,0.6273207,0.7371356,0.6196005,0.7623856,0.7535531,0.8486113,0.74030596,0.89783275,0.7322334,0.97048444,0.70463824,1.0
IMG_20241017_143654.jpg,nao_acao,0.49282694,0.14509001,0.44493937,0.14103867,0.5056152,0.23545885,0.4304178,0.2410107,0.5228288,0.351853,0.41835457,0.3732364,0.53177136,0.45748425,0.42235306,0.49044034,0.49802825,0.45841366,0.44788346,0.4619525,0.500929,0.6294702,0.44452575,0.6315358,0.48641062,0.78682446,0.44435933,0.8014426
IMG_20241017_143648_1.jpg,nao_acao,0.53695434,0.22512826,0.49087518,0.21913977,0.54178965,0.31533056,0.47073358,0.31484193,0.55485356,0.4351127,0.45700017,0.4479882,0.56158555,0.5425613,0.45806786,0.56720716,0.53197765,0.53288543,0.48553553,0.53406066,0.52870756,0.7081884,0.47385037,0.71389776,0.5127135,0.8589025,0.46654454,0.87382644
IMG_20241029_133540.jpg,nao_acao,0.4544555,0.27328214,0.40122807,0.2661544,0.47698087,0.38858268,0.3773886,0.3744897,0.5031226,0.55650866,0.34894404,0.51793855,0.49627206,0.70684457,0.32656905,0.65550286,0.4491339,0.6787472,0.37962613,0.6698189,0.45978904,0.8946505,0.35926005,0.88515186,0.4570572,0.983561,0.36262438,0.970773
pose9085.png,nao_acao,0.38697872,0.10487277,0.35150322,0.10674263,0.40927982,0.21337622,0.33450502,0.19109352,0.42419043,0.29617754,0.3005095,0.22640347,0.42374775,0.34058446,0.33582586,0.25452846,0.40158015,0.40254262,0.35710347,0.39871928,0.41042486,0.56406546,0.3672513,0.5670668,0.41229603,0.71773237,0.38194284,0.71892416
IMG_20241029_132752.jpg,nao_acao,0.4290842,0.3454016,0.3922557,0.3476494,0.44655916,0.4401789,0.37556422,0.44240403,0.4591737,0.5536767,0.36325428,0.5577099,0.4648508,0.65341324,0.36161214,0.66317403,0.43638512,0.661535,0.3898202,0.6633306,0.44002298,0.8204293,0.39270428,0.81947625,0.43757546,0.96936756,0.40048033,0.9673981
IMG_20241029_132739.jpg,nao_acao,0.53487676,0.17326534,0.4868845,0.17782918,0.55634934,0.28497735,0.47306332,0.28842402,0.5773225,0.42471352,0.4596167,0.42573705,0.5819889,0.5506357,0.46058685,0.5563105,0.5405144,0.56117207,0.4872758,0.5617589,0.54196966,0.75111103,0.48355442,0.75447345,0.5352398,0.92980945,0.4942539,0.9290046
IMG_20241029_133529.jpg,nao_acao,0.43937007,0.19159925,0.38630033,0.19668476,0.46061456,0.30440056,0.3689525,0.2998712,0.48936406,0.45441034,0.3406928,0.438639,0.49117452,0.59845203,0.3248042,0.5788676,0.4432994,0.56864893,0.3816417,0.56465816,0.4535082,0.75458574,0.36186323,0.75367063,0.4566358,0.9457346,0.35343665,0.9387264
IMG_20241017_140353.jpg,nao_acao,0.54094195,0.1350974,0.49888852,0.13827159,0.5612631,0.2345433,0.4839845,0.23869161,0.5782989,0.35148948,0.46730128,0.35516933,0.57860404,0.46681765,0.47386512,0.46290603,0.5501647,0.44653538,0.50153905,0.4494972,0.5449178,0.6038929,0.51015365,0.6053879,0.541773,0.7567166,0.5187684,0.7578
IMG_20241017_140356_1.jpg,nao_acao,0.44638667,0.2758144,0.40854204,0.27594817,0.46647987,0.36662018,0.39458093,0.36551288,0.48429552,0.47599953,0.3789277,0.4711113,0.4814562,0.579944,0.3756458,0.57409036,0.4502372,0.56783533,0.40497473,0.56718117,0.45013425,0.7081066,0.41655946,0.70771146,0.44733432,0.8451268,0.42559525,0.84818095
IMG_20241029_132821_1.jpg,nao_acao,0.1855793,0.18057692,0.13342397,0.19037351,0.2093339,0.2929771,0.10989347,0.30134046,0.23283766,0.43120852,0.08086794,0.44787002,0.2340934,0.5534347,0.09912074,0.58094823,0.19881685,0.5680563,0.13401987,0.5742064,0.20016383,0.7489146,0.119073264,0.76860845,0.18627527,0.92824906,0.117897354,0.9486334
IMG_20241029_132823.jpg,nao_acao,0.4253032,0.21930733,0.38280836,0.2352493,0.4497057,0.32324117,0.36887348,0.34018177,0.47571954,0.44662467,0.35512888,0.47572508,0.48046827,0.5561671,0.37613106,0.58516765,0.4502266,0.56774414,0.39870366,0.5786332,0.457934,0.72800046,0.39585343,0.7539331,0.45338055,0.8937432,0.3978786,0.9145775
IMG_20241029_133426.jpg,nao_acao,0.4565358,0.12221236,0.40398556,0.12839013,0.47942254,0.244467,0.38925785,0.24810255,0.5031019,0.39942023,0.37006816,0.39712584,0.5107501,0.526909,0.36175117,0.5294554,0.46663177,0.52829874,0.41007888,0.53080255,0.4770847,0.7135032,0.41326693,0.72300416,0.47580364,0.8831987,0.42625728,0.8859335
IMG_20241017_143658.jpg,nao_acao,0.37252274,0.21273232,0.33125305,0.21541977,0.39116383,0.30358753,0.31807983,0.30846012,0.40569174,0.41918388,0.3084157,0.4319762,0.41337442,0.5235006,0.3055548,0.53978354,0.38161954,0.51528,0.3337072,0.5173999,0.37927046,0.6783012,0.33383754,0.6790703,0.37723523,0.83437717,0.33397332,0.8365185
IMG_20241017_140411_1.jpg,nao_acao,0.531685,0.17198743,0.4940828,0.17516632,0.5488297,0.26316833,0.4780792,0.26451814,0.5623734,0.3728112,0.46161458,0.37132335,0.56952894,0.4720039,0.45861113,0.47069538,0.53399,0.46071726,0.48962516,0.4617344,0.5269296,0.60369116,0.49438456,0.6047124,0.5195157,0.74292624,0.5020046,0.7449707
IMG_20241029_132819.jpg,nao_acao,0.29259166,0.2533564,0.24728188,0.2536155,0.3149737,0.35631022,0.22858499,0.3547376,0.33501485,0.48216853,0.20134994,0.47284004,0.3224631,0.5906959,0.20276482,0.5860635,0.29253513,0.5952484,0.23734166,0.59271216,0.2962969,0.75761825,0.22888355,0.75933635,0.287434,0.92995024,0.22768293,0.92958283
IMG_20241017_140410.jpg,nao_acao,0.38785103,0.14792618,0.3502794,0.15059537,0.40368992,0.2416931,0.330545,0.24090497,0.4167691,0.35226122,0.3108302,0.34704673,0.42310232,0.45168135,0.3088094,0.4473142,0.3873424,0.44259286,0.341637,0.44298974,0.37675926,0.5889093,0.3440331,0.59078735,0.36608768,0.7271919,0.34946716,0.7308307
pose9097.png,nao_acao,0.513411,0.081824675,0.47231323,0.08041963,0.5261428,0.18501753,0.45196396,0.17966305,0.5356769,0.2878012,0.43341574,0.27104115,0.5187306,0.33689907,0.436724,0.27144518,0.50956696,0.41769153,0.46234986,0.41535163,0.5144192,0.604046,0.46030137,0.600403,0.50371295,0.77220917,0.4659813,0.77830845
IMG_20241017_140808.jpg,nao_acao,0.546829,0.19616832,0.50026655,0.19388296,0.563701,0.3092194,0.48011214,0.30853692,0.5808283,0.44916016,0.46182016,0.44841254,0.57649416,0.5694734,0.4671423,0.5691611,0.5487993,0.5726377,0.49493787,0.57283145,0.54951096,0.75019664,0.48678118,0.7553487,0.5408727,0.9034504,0.49050942,0.9157698
IMG_20241017_140816.jpg,nao_acao,0.5006473,0.25098807,0.457358,0.24721177,0.51593906,0.36001182,0.43812335,0.35273084,0.5297435,0.49485058,0.4158902,0.47503904,0.5201194,0.60558033,0.41662505,0.58866084,0.49500135,0.60249674,0.44553187,0.59829915,0.49374026,0.7695978,0.43794507,0.7688985,0.48847947,0.9175853,0.4396082,0.9197668
IMG_20241029_132737.jpg,nao_acao,0.51758885,0.12215077,0.4725297,0.12595184,0.5330986,0.23525527,0.45559394,0.23978905,0.5526993,0.36991695,0.44230145,0.38185737,0.5598201,0.48092708,0.44607636,0.5022684,0.5289044,0.49294183,0.4799354,0.4966383,0.5303208,0.6738671,0.47822142,0.68087316,0.5226482,0.8462111,0.48681125,0.85323036
IMG_20241029_133536_1.jpg,nao_acao,0.39702657,0.040433686,0.34577084,0.037341222,0.4209188,0.16140947,0.31849363,0.15727726,0.46601188,0.29865152,0.2920945,0.323913,0.42434254,0.25376537,0.28877184,0.4661811,0.4141572,0.43703032,0.34473392,0.43860242,0.426259,0.6321899,0.34032926,0.65981203,0.43574956,0.82175803,0.33104214,0.87143654
IMG_20241029_132748.jpg,nao_acao,0.60863155,0.121496506,0.56391484,0.1306059,0.6258654,0.24807727,0.545498,0.25807366,0.64890856,0.39659962,0.53861445,0.42122877,0.6636694,0.5104387,0.551218,0.54974025,0.6355135,0.52907646,0.58357805,0.53826445,0.6374291,0.7302042,0.58095956,0.7471221,0.6325114,0.91624945,0.5892314,0.9318948
IMG_20241017_140354_1.jpg,nao_acao,0.5000145,0.26432365,0.46093327,0.26521042,0.5167321,0.35512492,0.44474497,0.35558966,0.5312701,0.46392724,0.428528,0.461758,0.5342162,0.5675014,0.42927366,0.5627301,0.50381124,0.5521783,0.45844364,0.55350506,0.49722922,0.69585747,0.46279112,0.698312,0.49007884,0.8355836,0.46960816,0.83936894
IMG_20241029_133448_1.jpg,nao_acao,0.50450915,0.22003151,0.45794833,0.22702724,0.5282461,0.33146667,0.43672886,0.33506957,0.5631347,0.46716133,0.3969586,0.46403772,0.5928102,0.5838137,0.3678818,0.5947507,0.50980157,0.5960297,0.45423013,0.5986594,0.5113353,0.7794131,0.4503096,0.7891251,0.4986744,0.93837655,0.4660025,0.943859
IMG_20241029_133439.jpg,nao_acao,0.42740735,0.04130645,0.37485805,0.045553852,0.44374368,0.17008533,0.35074514,0.1691507,0.46534693,0.32890522,0.32359743,0.32371104,0.4785192,0.46398842,0.31730232,0.467264,0.42948017,0.45643115,0.37106472,0.45828885,0.42891264,0.6520627,0.3654775,0.666449,0.42247468,0.81780595,0.3751066,0.8356311
IMG_20241029_133447_1.jpg,nao_acao,0.3440433,0.16423738,0.293411,0.17294675,0.37244955,0.28252253,0.2711145,0.289796,0.4146772,0.4201173,0.2311234,0.42880312,0.44772577,0.53893524,0.20415837,0.57046986,0.36418796,0.56388927,0.30175853,0.57131827,0.37081248,0.7558332,0.30702868,0.7758531,0.35923883,0.91279155,0.3276367,0.9343761
IMG_20241029_132749.jpg,nao_acao,0.6136533,0.05587619,0.56670976,0.056516204,0.6263711,0.18131998,0.54250157,0.18478352,0.64453614,0.3351033,0.52443224,0.34400573,0.6523791,0.45887783,0.53482234,0.47460407,0.6187113,0.474171,0.5650072,0.478863,0.61907554,0.6709605,0.5619629,0.6819003,0.607838,0.85335064,0.566632,0.87093043
IMG_20241029_132817_1.jpg,nao_acao,0.8419001,0.2523317,0.79525083,0.26084763,0.8695357,0.35645458,0.77897054,0.36050993,0.89393467,0.48540214,0.75348836,0.4822971,0.8824702,0.6069989,0.756922,0.59486276,0.84990543,0.60318506,0.79192007,0.6024524,0.85550374,0.765347,0.7822671,0.7671463,0.8489153,0.94241405,0.78495985,0.9328086
IMG_20241029_132818_1.jpg,nao_acao,0.39647433,0.26898733,0.3553961,0.26871505,0.41701257,0.367066,0.33790815,0.36536533,0.43566912,0.48795176,0.31384248,0.47984475,0.42498672,0.5948801,0.31358096,0.59002566,0.39692992,0.5984391,0.3465328,0.5957546,0.399029,0.75696576,0.33775604,0.75730306,0.39240083,0.9215565,0.33745256,0.9187438
IMG_20241029_132743.jpg,nao_acao,0.40318692,0.105421856,0.35356852,0.098945536,0.41952735,0.22982785,0.3317483,0.2198896,0.42998686,0.38202313,0.30689156,0.35796437,0.42140988,0.5048339,0.30180824,0.4874214,0.39056814,0.51148796,0.33438426,0.5045073,0.3873063,0.70958143,0.32647896,0.70317805,0.37183192,0.89806163,0.3269065,0.89567256
IMG_20241029_132741.jpg,nao_acao,0.49169442,0.22496103,0.44665378,0.22681749,0.5143411,0.339882,0.42994735,0.3444676,0.5343538,0.48207328,0.4087641,0.48376203,0.53387964,0.607638,0.393951,0.60471994,0.49434596,0.61008286,0.44084722,0.61105627,0.49652338,0.8018721,0.43626726,0.80620813,0.48248455,0.9763642,0.4525406,0.97741103
1725302327167.png,nao_acao,0.3844033,0.30614385,0.34247229,0.30997962,0.40276092,0.38901764,0.31876132,0.3696358,0.4176712,0.47387937,0.2676739,0.39481285,0.4158822,0.54669255,0.3070216,0.38641313,0.38291037,0.5591753,0.33059508,0.55444443,0.38445303,0.6715734,0.33289817,0.68066686,0.38550073,0.7989154,0.33348137,0.8034502
IMG_20241017_144218.jpg,nao_acao,0.5490025,0.1942903,0.49986407,0.18942158,0.56319875,0.30741358,0.48035944,0.30595693,0.58394426,0.42777407,0.45992136,0.4307071,0.5826537,0.535361,0.46079487,0.54114485,0.54693234,0.54939187,0.49630043,0.5487083,0.5448953,0.7051497,0.4922321,0.7065738,0.5290801,0.8446638,0.49727073,0.85523117
IMG_20241029_132813_1.jpg,nao_acao,0.5092158,0.043977205,0.46295574,0.046538386,0.5317146,0.14992738,0.4485171,0.15267324,0.5526139,0.28014794,0.4288194,0.2806175,0.54622555,0.39183974,0.4324711,0.38814285,0.515824,0.3888173,0.46161312,0.38914633,0.5201044,0.5550585,0.45854646,0.5569142,0.51648325,0.71559554,0.46265072,0.71314263
IMG_20241029_132812_1.jpg,nao_acao,0.48454002,0.1611371,0.44252566,0.17304222,0.50849366,0.2603244,0.4308802,0.27261385,0.5321151,0.37752718,0.41463813,0.40001094,0.5392257,0.48575395,0.43064696,0.5119264,0.5061397,0.4987399,0.4569694,0.50604236,0.5144607,0.65360063,0.45473692,0.66947275,0.51295763,0.81106734,0.4574731,0.82334256
1725302323594.png,nao_acao,0.39026242,0.27652058,0.34835428,0.28035182,0.4084459,0.3583235,0.32428056,0.3433115,0.4259753,0.44670993,0.274633,0.37122634,0.42858487,0.51767623,0.31367534,0.36135292,0.3918975,0.53053886,0.33972925,0.5287965,0.39698607,0.6505452,0.34700668,0.6596234,0.39868918,0.77655107,0.34841835,0.7771231
IMG_20241029_133530.jpg,nao_acao,0.49318808,0.1690433,0.43758583,0.1846531,0.5214342,0.28429955,0.42190343,0.30296892,0.5584345,0.44042888,0.39864826,0.47206375,0.5788212,0.5864119,0.39984542,0.62738883,0.5239665,0.5744778,0.45705825,0.587714,0.5443025,0.7715156,0.44903195,0.79735583,0.5504929,0.96540475,0.45288783,0.9807367
pose8051.png,nao_acao,0.4780065,0.017654102,0.4469582,0.017741501,0.5057867,0.0136723835,0.41833353,0.005694877,0.52866185,0.031967692,0.39379695,0.016950607,0.5304036,0.06818769,0.3893225,0.03746626,0.47145873,0.16690429,0.41863576,0.15710492,0.4339862,0.35939986,0.4058865,0.3441258,0.40636572,0.52259684,0.40657002,0.50003207
IMG_20241029_133430.jpg,nao_acao,0.41650888,0.19706902,0.36677423,0.2037329,0.4398702,0.3111658,0.35138094,0.31818646,0.46463957,0.45342714,0.3317105,0.45996866,0.47531375,0.5840797,0.323172,0.5913973,0.4327135,0.58614147,0.37687498,0.59101546,0.4427626,0.7640191,0.3792939,0.7755398,0.43958107,0.9136612,0.39913693,0.9177353
IMG_20241029_133437.jpg,nao_acao,0.5656306,0.13605425,0.5132329,0.13378398,0.5795807,0.26320305,0.48919255,0.25201687,0.5902098,0.42416808,0.453974,0.3908101,0.5946787,0.5637782,0.43459722,0.52567816,0.5438557,0.54711306,0.48649457,0.5387105,0.5375761,0.73844343,0.47068718,0.73377246,0.5229586,0.90578455,0.47172162,0.89772
IMG_20241029_132812.jpg,nao_acao,0.50788444,0.21669886,0.46488774,0.23157923,0.5321051,0.3114806,0.45209903,0.32954067,0.5562977,0.43251935,0.43793455,0.46359402,0.56560093,0.5391888,0.45591295,0.5737553,0.5326632,0.55257833,0.48103464,0.5636518,0.5402474,0.7110766,0.47686914,0.7340236,0.5358389,0.872829,0.48491025,0.88962555
pose8060.png,nao_acao,0.9953376,0.46269006,0.9936417,0.46631953,0.9897284,0.537264,0.9971177,0.5412345,0.97842866,0.6798487,0.9826358,0.685808,0.97828287,0.75608504,0.97509605,0.7565245,0.98201126,0.7504344,0.98713154,0.75160015,0.9830675,0.7485098,0.980044,0.7498715,0.9788831,0.7521657,0.978994,0.75471514
IMG_20241029_133450.jpg,nao_acao,0.59585255,0.16330892,0.5488193,0.16638058,0.611969,0.27758917,0.524164,0.27225608,0.6434821,0.417228,0.48167068,0.3996896,0.67249745,0.5383222,0.4506805,0.52469254,0.587542,0.54547524,0.53332186,0.54320484,0.58162224,0.7293285,0.5226805,0.73830205,0.5722869,0.88694465,0.5281794,0.8966719
IMG_20241029_133538_1.jpg,nao_acao,0.4590118,0.13602187,0.40503874,0.12890154,0.47621858,0.2506417,0.38259786,0.24016502,0.50536835,0.41190723,0.3540348,0.3914437,0.515164,0.56068766,0.33515236,0.5347164,0.45458096,0.53574705,0.39088827,0.52987516,0.4721297,0.7419756,0.37438956,0.73153704,0.47519034,0.9447728,0.3718167,0.9371408
pose8036.png,nao_acao,0.35405064,0.049780846,0.32127547,0.04844121,0.3659985,0.13580893,0.3013012,0.12634428,0.3827172,0.2191923,0.2538688,0.16389677,0.38882175,0.24747805,0.20683832,0.11782909,0.35577676,0.30997846,0.31818312,0.30806583,0.36453125,0.44564202,0.32016805,0.4431906,0.36274764,0.5655758,0.33643258,0.566226
pose5082.jpg,nao_acao,0.32667908,0.21900477,0.28372058,0.22261141,0.3521679,0.31726268,0.26754913,0.30509448,0.39859524,0.33941525,0.22480765,0.27438873,0.38371405,0.25713888,0.19709335,0.18549442,0.33518252,0.55133367,0.28457624,0.5455783,0.34108463,0.7026947,0.2859646,0.7073323,0.33414987,0.8607147,0.293429,0.8609611
IMG_20241017_143649.jpg,nao_acao,0.53844064,0.1992117,0.49061826,0.19440985,0.5500424,0.29603285,0.4730008,0.29834443,0.56466347,0.41886014,0.45961425,0.4341321,0.5738575,0.5321009,0.45823509,0.5573992,0.5402379,0.5258209,0.49095213,0.5271732,0.5393559,0.7054799,0.48221275,0.70674235,0.52386415,0.8660535,0.48265925,0.87850356
pose3150.jpg,nao_acao,0.5295891,0.14470962,0.49074635,0.14297089,0.54708683,0.23983333,0.4676902,0.23378952,0.5657616,0.35179496,0.43109876,0.3024605,0.57699794,0.4529947,0.4618309,0.27805653,0.53047794,0.4668943,0.48165497,0.46849155,0.5292389,0.62781703,0.4786032,0.6317376,0.520916,0.7796066,0.48272857,0.7798104
IMG_20241029_132812_2.jpg,nao_acao,0.4088675,0.13125615,0.3654216,0.14157327,0.4343526,0.23142682,0.3515013,0.24269596,0.459563,0.35795537,0.3344896,0.37369698,0.46013424,0.471275,0.34514454,0.48546463,0.4297734,0.47336614,0.3768008,0.47957963,0.43892068,0.62779933,0.37222767,0.6426106,0.43599108,0.78959423,0.38006884,0.79787576
pose8037.png,nao_acao,0.4025317,0.04532776,0.37099218,0.043032117,0.41214618,0.1226091,0.35241255,0.12218397,0.42602584,0.21161483,0.32448706,0.1939522,0.42093563,0.23445223,0.27736303,0.16030319,0.39643753,0.2958023,0.36038494,0.29527605,0.40798613,0.44057515,0.36189792,0.43773106,0.40309063,0.5686245,0.37840062,0.567072
pose1090.png,nao_acao,0.4430174,0.32275432,0.402302,0.32580194,0.46089202,0.39822054,0.38405213,0.40539238,0.46418324,0.49236223,0.3822263,0.5100948,0.41265383,0.5005776,0.4382661,0.51089114,0.45167598,0.6113204,0.39960524,0.6158333,0.44582176,0.7690199,0.40201792,0.7775127,0.44000202,0.913788,0.40625444,0.9251143
IMG_20241029_133535_1.jpg,nao_acao,0.45610642,0.07503046,0.4065425,0.07757926,0.47307193,0.1820519,0.38829958,0.18892215,0.49489105,0.3181476,0.36433253,0.32812557,0.5070267,0.43626496,0.36339447,0.45439753,0.468513,0.43535563,0.41123143,0.44291943,0.4784681,0.61311376,0.39643303,0.6401523,0.4802899,0.797493,0.38943774,0.83794856
IMG_20241029_133456.jpg,nao_acao,0.5102672,0.36618036,0.46469015,0.37667602,0.54307383,0.48141328,0.450332,0.48592317,0.58032525,0.61737245,0.4191347,0.6143475,0.6136448,0.7538658,0.38604742,0.7399238,0.5306298,0.77542394,0.4721216,0.7790826,0.5451762,0.97325045,0.48440215,0.98386496,0.53370553,0.97384524,0.5051135,0.9682006
IMG_20241029_133425.jpg,nao_acao,0.5676356,0.17161,0.51611584,0.17529604,0.58907175,0.2896457,0.49573323,0.29388276,0.6061586,0.4406997,0.47161552,0.44213834,0.61179996,0.5813736,0.46342266,0.57977283,0.57224226,0.5792284,0.5124713,0.5818143,0.5778018,0.7707382,0.50672954,0.779561,0.56439614,0.9406963,0.5280102,0.9454167
pose4021.jpg,nao_acao,0.4145033,0.15459315,0.36727992,0.15106994,0.4347821,0.26049617,0.34585485,0.25969782,0.45715985,0.39578092,0.32637128,0.39783394,0.45139495,0.32955068,0.3488719,0.33182815,0.42064834,0.5176913,0.36145684,0.5188905,0.42517623,0.7074834,0.35572878,0.7106816,0.42087618,0.8771588,0.35562214,0.88626635
IMG_20241029_133444_1.jpg,nao_acao,0.48460466,0.21738414,0.43616346,0.22271553,0.50672865,0.3326996,0.41387135,0.33286592,0.54560757,0.46594703,0.37381518,0.46207264,0.58120257,0.5792079,0.34435484,0.5949947,0.49272397,0.60169005,0.43570212,0.60387224,0.49308518,0.79640377,0.43363273,0.8070784,0.48341534,0.96263313,0.44461513,0.9702401
IMG_20241017_143701.jpg,nao_acao,0.48571286,0.27999628,0.4436847,0.27726537,0.49793866,0.37489077,0.42679054,0.37509334,0.51002795,0.49043038,0.41271797,0.49896234,0.5207671,0.5935618,0.41123116,0.6116406,0.48732123,0.5884158,0.44107693,0.58910704,0.48259324,0.7543572,0.4387561,0.7558183,0.4761273,0.91514117,0.43260768,0.91817236
IMG_20241029_133448.jpg,nao_acao,0.42258567,0.24892154,0.37628338,0.26208255,0.45114562,0.35867533,0.35796112,0.37310302,0.49289832,0.49145094,0.3251026,0.5093387,0.5298231,0.60326546,0.30116874,0.6428473,0.44577122,0.6321295,0.38848385,0.6421659,0.45541307,0.82500833,0.3955757,0.84110063,0.44644544,0.97227496,0.4210863,0.9790099
IMG_20241017_140406_1.jpg,nao_acao,0.48730356,0.07590879,0.44856617,0.076489426,0.5034836,0.17175795,0.43071908,0.16953842,0.5160694,0.28679204,0.4122591,0.2782122,0.5171489,0.38997775,0.40739986,0.38014635,0.48293883,0.3736302,0.43718654,0.37265038,0.47666407,0.51770324,0.44280398,0.5172037,0.4678098,0.6583851,0.4484245,0.6598442
IMG_20241029_133428.jpg,nao_acao,0.6178782,0.1583642,0.5675768,0.16146776,0.63834304,0.27646574,0.5477329,0.27623755,0.65464187,0.4264067,0.51916695,0.41776368,0.66174346,0.5653931,0.5048334,0.54987466,0.61390615,0.5549678,0.55608165,0.5529331,0.616142,0.7450823,0.5460603,0.7445752,0.60213655,0.91342777,0.5606377,0.90229887
pose5103.jpg,nao_acao,0.3097291,0.3639821,0.2693805,0.36973417,0.3270863,0.4205337,0.24836528,0.43352818,0.35701916,0.51694846,0.22909303,0.55039006,0.37648168,0.5968487,0.21614616,0.6503693,0.3222476,0.6433714,0.27234644,0.65079385,0.34021556,0.79605585,0.27377024,0.803832,0.3393072,0.9462971,0.2892528,0.95008224
pose6003.png,nao_acao,0.6823861,0.792326,0.6161503,0.76297456,0.6795085,0.90150106,0.60737824,0.8522785,0.696912,1.0,0.5773901,0.94154286,0.66779864,0.9933078,0.5598723,0.9910387,0.62529683,1.0,0.58229166,1.0,0.58798385,0.9932118,0.55876154,0.94325215,0.58104926,1.0,0.57062674,0.9551036
IMG_20241029_132742.jpg,nao_acao,0.28277642,0.15463145,0.23020779,0.15414016,0.3048955,0.28323928,0.21322793,0.28546906,0.32435212,0.43740755,0.19585162,0.4357308,0.32289523,0.5672976,0.18858233,0.56902033,0.2899326,0.573801,0.23019487,0.57507503,0.29650477,0.7789789,0.22940429,0.7828746,0.2898168,0.9625008,0.24336015,0.96846515
IMG_20241017_144221_1.jpg,nao_acao,0.53465277,0.3116207,0.48665214,0.30508304,0.548575,0.41419336,0.46728483,0.41444618,0.5688175,0.53394055,0.4483458,0.5369495,0.5698514,0.64180166,0.4472397,0.6428104,0.53357875,0.65156156,0.48229575,0.65234,0.53054756,0.8135647,0.477095,0.8154046,0.51351273,0.96020275,0.4854123,0.9680107
IMG_20241017_140812_1.jpg,nao_acao,0.47749808,0.2712197,0.430571,0.2731269,0.49528912,0.3831168,0.40807125,0.38653606,0.51443696,0.52877676,0.39426148,0.53741306,0.5128818,0.64454013,0.4042538,0.65779716,0.4881636,0.64396137,0.4307532,0.6476905,0.48855412,0.83472294,0.42712966,0.8432227,0.47704095,0.9868269,0.44036785,0.9888486
IMG_20241017_140409.jpg,nao_acao,0.36586344,0.06669384,0.3254948,0.06666176,0.38114417,0.15706514,0.30826962,0.15771185,0.3973913,0.2764777,0.2887488,0.27613986,0.40440091,0.37925807,0.29030368,0.37810463,0.36727107,0.37116066,0.3221254,0.37243152,0.36207122,0.516649,0.32619825,0.5185139,0.35649043,0.65805584,0.33386338,0.6627114
IMG_20241017_144214.jpg,nao_acao,0.3770588,0.13236445,0.32411763,0.12888765,0.3950358,0.2476009,0.30859432,0.25151816,0.42034847,0.3767216,0.29255706,0.38315937,0.4234286,0.4876026,0.2945566,0.49133635,0.38749725,0.49856955,0.33307064,0.50229985,0.39153987,0.6641018,0.33551857,0.66906536,0.38293606,0.80805147,0.34898448,0.8171589
IMG_20241029_133541.jpg,nao_acao,0.5714135,0.22440933,0.5178271,0.21554223,0.5914848,0.33980513,0.4952476,0.3254239,0.61690503,0.50100905,0.46277323,0.47150004,0.57034683,0.56993884,0.4413794,0.6049564,0.5570966,0.62317723,0.49075574,0.61125237,0.5674501,0.83486056,0.4721022,0.82352394,0.56863517,0.9946324,0.46025792,0.98185086
IMG_20241017_143659_1.jpg,nao_acao,0.50661707,0.28787404,0.46711782,0.28886262,0.5208954,0.37827998,0.45256302,0.38179424,0.5357925,0.49493688,0.43868935,0.5039757,0.54604983,0.5974555,0.44008732,0.61172146,0.51253694,0.59086794,0.46815702,0.59343284,0.5111278,0.75402445,0.46711218,0.7563685,0.5087722,0.9122149,0.46582115,0.9146042
IMG_20241029_132819_1.jpg,nao_acao,0.22345336,0.24827975,0.17725493,0.2552884,0.25178784,0.34804326,0.15927233,0.3565598,0.2772784,0.4822675,0.1330171,0.48925245,0.27067104,0.59930867,0.14027762,0.6104439,0.23986378,0.59980726,0.17908995,0.60475165,0.25061926,0.7696146,0.1725436,0.7807922,0.24343115,0.9482202,0.18305747,0.9531086
IMG_20241029_133531_2.jpg,nao_acao,0.52054924,0.29384178,0.47137272,0.30165514,0.5402756,0.39785385,0.44570076,0.40816984,0.55907404,0.54472125,0.41618538,0.5714773,0.5751582,0.68642014,0.41862038,0.72774154,0.5303363,0.6838236,0.46546623,0.688989,0.5341674,0.8869533,0.44532692,0.8931661,0.5105828,0.9727245,0.44351694,0.95942044
IMG_20241029_133454_1.jpg,nao_acao,0.42905122,0.1374192,0.37787384,0.14118464,0.4550688,0.26148906,0.35449106,0.26048988,0.49061868,0.4140166,0.30958912,0.39925155,0.5191595,0.54519856,0.27608085,0.5366735,0.4334627,0.5510742,0.37157932,0.5509123,0.43316662,0.74972117,0.36503816,0.7581565,0.42084524,0.91247547,0.3794708,0.9184252
pose3125.jpg,nao_acao,0.4574587,0.27083746,0.4174523,0.26933655,0.4754133,0.36540595,0.3952619,0.35865107,0.49753428,0.48542625,0.36137328,0.4315867,0.5111567,0.5863484,0.38981217,0.40629974,0.4622616,0.5861925,0.41256085,0.58815277,0.4644371,0.74462986,0.4125445,0.7471323,0.45998937,0.89704406,0.41787148,0.8930342
IMG_20241029_132818.jpg,nao_acao,0.7438079,0.27986035,0.7009604,0.28349656,0.7663027,0.37782103,0.68390805,0.37929407,0.78651214,0.5046023,0.6596488,0.49827808,0.7758579,0.6166699,0.66142136,0.60972875,0.7458387,0.6148995,0.69267505,0.6134435,0.7474321,0.7726819,0.68099344,0.77453566,0.7385776,0.9398811,0.68340605,0.93177974
pose15007.png,nao_acao,0.5709811,0.34190816,0.53214574,0.33006886,0.58467245,0.45109448,0.49810323,0.41465485,0.60964423,0.54775655,0.4358922,0.4022792,0.6158592,0.6562437,0.4526496,0.30282038,0.55774134,0.6894218,0.5051093,0.67714703,0.54175013,0.8595205,0.4949266,0.8613285,0.5269725,0.9755447,0.48766595,0.9790058
IMG_20241017_140812.jpg,nao_acao,0.5113461,0.25762442,0.4624434,0.25419706,0.5297798,0.37525934,0.43774435,0.37457696,0.5451295,0.5282989,0.4174437,0.5301981,0.5390991,0.6526231,0.42237195,0.65367895,0.51169604,0.6506566,0.45192584,0.6503153,0.5119655,0.8466619,0.4448202,0.8455417,0.49345002,0.990221,0.45983055,0.9891761
IMG_20241017_140813.jpg,nao_acao,0.52187634,0.18090141,0.4775903,0.17854287,0.538895,0.28847122,0.45911995,0.28570202,0.5541455,0.42544183,0.441577,0.41864014,0.5520022,0.53165746,0.44701034,0.52767485,0.52588665,0.5300535,0.47460887,0.5298314,0.5262337,0.6978938,0.4689957,0.70357764,0.51768875,0.84876376,0.47299823,0.8647725
IMG_20241029_132827_1.jpg,nao_acao,0.55479366,0.45603237,0.50826454,0.4582369,0.5811284,0.557072,0.48493856,0.54915136,0.60353535,0.69157106,0.43936265,0.66701806,0.5899947,0.81466675,0.45410788,0.7821166,0.5513093,0.833008,0.48810768,0.82685935,0.5451335,0.99999994,0.48174137,0.99999994,0.53989214,0.99999994,0.46676806,0.99999994
IMG_20241017_143644.jpg,nao_acao,0.49405167,0.14397682,0.45510915,0.14136815,0.51093066,0.22621036,0.43834,0.2270418,0.53835505,0.3211282,0.41429335,0.32733342,0.5286228,0.40861252,0.41835868,0.41256294,0.50374556,0.4218129,0.45758566,0.42238295,0.5019874,0.57202667,0.46038327,0.5735976,0.50232905,0.72056246,0.46360815,0.72391564
IMG_20241017_144211_1.jpg,nao_acao,0.5301099,0.17359543,0.4798384,0.16807447,0.53950536,0.28755805,0.45791766,0.28684092,0.55649847,0.41046998,0.4385187,0.4143498,0.5546041,0.5243391,0.43909433,0.53203005,0.527304,0.53247136,0.4762463,0.5332832,0.5229097,0.67970985,0.46451747,0.68702555,0.50091463,0.8272166,0.46893704,0.84506154
IMG_20241029_132808.jpg,nao_acao,0.4514582,0.35442543,0.40904018,0.3758927,0.46399415,0.44031036,0.4190706,0.4769741,0.491081,0.5660538,0.44716272,0.61299443,0.5154344,0.6634511,0.50555575,0.6953756,0.4960281,0.68805015,0.4661872,0.71566755,0.5234297,0.8494995,0.50241405,0.9070935,0.50665796,0.9381328,0.49861968,0.99999994
IMG_20241029_133441.jpg,nao_acao,0.33049616,0.17995217,0.28176847,0.18825991,0.3530687,0.2945077,0.26500365,0.3020603,0.37902638,0.43259048,0.2408792,0.43991986,0.39784077,0.5598085,0.23559211,0.5766746,0.34670937,0.5668952,0.29119867,0.5733283,0.35271427,0.7489382,0.28998202,0.76630294,0.34630057,0.9035416,0.302985,0.923554
IMG_20241017_140401.jpg,nao_acao,0.46093708,0.20682085,0.42092073,0.21015093,0.4791108,0.3026951,0.40462014,0.30704832,0.4969393,0.41494104,0.38816747,0.41954678,0.50726086,0.5200024,0.3916244,0.5221688,0.47081774,0.5049855,0.4239148,0.5094494,0.4652054,0.6566875,0.4303969,0.66338366,0.46066403,0.8031383,0.43697888,0.8121812
IMG_20241017_140402.jpg,nao_acao,0.51304114,0.20097709,0.47627127,0.20306401,0.5297505,0.29456818,0.4573195,0.29554418,0.5438098,0.40477178,0.43934986,0.40497965,0.5503049,0.50854,0.4392862,0.5063537,0.5152066,0.4964566,0.46984687,0.49788663,0.50742763,0.6433377,0.4752653,0.6458823,0.50052136,0.7866036,0.48244074,0.7907361
IMG_20241017_144218_1.jpg,nao_acao,0.47495332,0.1797482,0.42504302,0.17597982,0.4910691,0.28975347,0.4083862,0.29296055,0.51475286,0.41290173,0.39076674,0.41776234,0.5165494,0.52254784,0.3921177,0.52651256,0.48005918,0.5322148,0.4286443,0.5351238,0.4793595,0.6875784,0.42573684,0.6930365,0.46533367,0.8254739,0.43792608,0.8393395
IMG_20241017_144223.jpg,nao_acao,0.5093062,0.24528097,0.46981442,0.24238986,0.524493,0.33896962,0.44974557,0.3384669,0.5409135,0.43963087,0.4367839,0.44561478,0.5442554,0.52951044,0.43596026,0.53508073,0.5133921,0.5415518,0.4649662,0.54176974,0.5090875,0.6769396,0.46767682,0.6777759,0.5013819,0.80697244,0.47084686,0.80875087
IMG_20241017_144221.jpg,nao_acao,0.45823985,0.16762277,0.40943614,0.16457857,0.47548303,0.2800132,0.39271423,0.27938673,0.49971655,0.40526822,0.37415093,0.40381753,0.49994248,0.51209086,0.3758387,0.51531976,0.46156585,0.5221155,0.40963784,0.5226996,0.4604822,0.67657954,0.40919012,0.680175,0.44966397,0.8224643,0.41766888,0.82859254
IMG_20241017_143700.jpg,nao_acao,0.6293705,0.29791513,0.5876512,0.29788888,0.64147615,0.3886305,0.5708277,0.38775715,0.6512745,0.5049268,0.5549264,0.50840974,0.6597533,0.60690045,0.55382645,0.61985046,0.62715936,0.60212046,0.58083403,0.6012814,0.61864185,0.7683218,0.57598037,0.76667476,0.61385983,0.92673194,0.5660842,0.9256738
pose3140.jpg,nao_acao,0.51449776,0.37025523,0.47796845,0.37043568,0.53454536,0.4536016,0.45731154,0.44788462,0.54988664,0.56065995,0.42217207,0.5203839,0.5662601,0.65825033,0.45659146,0.49857265,0.52048534,0.67007095,0.4710532,0.670854,0.5169789,0.82629734,0.47327867,0.8232215,0.5140309,0.95942587,0.47375986,0.95042354
pose12077.png,nao_acao,0.44030148,0.15916884,0.39418754,0.15489648,0.45700812,0.26705176,0.3736698,0.2638478,0.48140168,0.3916615,0.3470874,0.38407546,0.503122,0.5163142,0.34909073,0.48744437,0.4357775,0.5147058,0.38401237,0.51407564,0.4361526,0.6877463,0.37278172,0.6902891,0.42385778,0.86177915,0.37816626,0.8686418
IMG_20241029_132820_1.jpg,nao_acao,0.28710407,0.16656287,0.2354116,0.17626904,0.3143711,0.28516394,0.21575794,0.29319498,0.34227774,0.4267211,0.1896079,0.43916467,0.34169734,0.55083495,0.20748301,0.5708003,0.30458248,0.56101054,0.24093345,0.5669559,0.31433123,0.7397299,0.23569795,0.75610477,0.30757385,0.91600865,0.23935977,0.9326902
IMG_20241029_133454_2.jpg,nao_acao,0.49697873,0.18895674,0.44295955,0.19172946,0.52443147,0.3174898,0.41987702,0.31477198,0.55896515,0.47848773,0.37476137,0.45380402,0.5884651,0.6217815,0.33518532,0.59070957,0.4970533,0.62521,0.4321748,0.6230109,0.49408567,0.83832073,0.42785707,0.84107757,0.47564608,0.98491466,0.44488892,0.97686493
pose8056.png,nao_acao,0.62913656,0.6081869,0.5732548,0.6029623,0.64346117,0.75289035,0.54319304,0.7285024,0.6454357,0.90555865,0.5048717,0.8594591,0.6737702,0.88045794,0.50191736,0.8899746,0.6009794,0.98560786,0.534844,0.97556525,0.621722,0.94594306,0.5433209,0.9346667,0.58488417,0.9498188,0.54305905,0.9567563
IMG_20241029_133453.jpg,nao_acao,0.5679523,0.13709512,0.5197663,0.141604,0.58759254,0.25194532,0.49765474,0.25138327,0.6175366,0.39114428,0.4557481,0.3794421,0.6443067,0.5171003,0.426742,0.50445956,0.56350625,0.51932496,0.50901824,0.5185518,0.5596712,0.6980534,0.49983114,0.7061451,0.5431666,0.8568298,0.50431615,0.86439806
IMG_20241029_132746_1.jpg,nao_acao,0.50590134,0.19621472,0.46122566,0.19455352,0.5201253,0.30824956,0.44111967,0.30823424,0.5362346,0.44870493,0.42518708,0.4522406,0.54246056,0.56092006,0.43541652,0.5798433,0.5093437,0.5742369,0.45775002,0.5760246,0.5091986,0.7623904,0.45430753,0.7676065,0.49769232,0.9374856,0.4579751,0.94847167
IMG_20241029_133429_1.jpg,nao_acao,0.41068372,0.039786533,0.35948363,0.0461004,0.4338954,0.16192278,0.34252128,0.16354115,0.45961246,0.31612396,0.32192743,0.31304672,0.4673196,0.4577355,0.31425712,0.45278785,0.4239346,0.447302,0.36519006,0.44976288,0.43257824,0.6306112,0.36868796,0.63768315,0.42884323,0.78047633,0.3868167,0.7834542
pose1088.png,nao_acao,0.44443843,0.31661636,0.40658298,0.32162893,0.46735522,0.40107742,0.38361862,0.38961318,0.5038835,0.46211722,0.33822995,0.39594546,0.46936956,0.41947013,0.36024186,0.31292397,0.4488402,0.6254264,0.39953935,0.62304264,0.44641033,0.7723522,0.4048544,0.78362465,0.43887934,0.9204366,0.40328917,0.9322277
IMG_20241029_133526.jpg,nao_acao,0.34759742,0.23488191,0.29494643,0.23793048,0.37507242,0.34682122,0.27549964,0.34908968,0.4071395,0.5041117,0.24835779,0.4982235,0.4096692,0.6498223,0.23227294,0.64401364,0.3612119,0.63380915,0.29327968,0.6350709,0.3792315,0.8376506,0.28010827,0.84310514,0.37593934,0.9752263,0.28952488,0.9729875
IMG_20241029_133438_1.jpg,nao_acao,0.39986178,0.16104005,0.34629264,0.16448914,0.42067578,0.2928548,0.31986102,0.2939397,0.44261682,0.46150002,0.29039612,0.45620888,0.45416823,0.6025831,0.28135312,0.6063412,0.40431216,0.59754324,0.3378882,0.6002089,0.403674,0.8214994,0.3316299,0.8279904,0.3877674,0.9855947,0.34564167,0.98240256
1725302318820.png,nao_acao,0.39164436,0.32129112,0.3484353,0.32433176,0.40833008,0.39932874,0.32555717,0.38761494,0.42950603,0.47982183,0.279237,0.4164203,0.43069872,0.5501586,0.3177409,0.40724754,0.39128336,0.5690793,0.34004056,0.5684478,0.39538136,0.68528765,0.34743214,0.69493246,0.39947686,0.8070062,0.3463767,0.80838716
pose5055.jpg,nao_acao,0.47807407,0.3218288,0.4417222,0.32609478,0.50121146,0.41003257,0.42373785,0.3911972,0.53395104,0.44553274,0.39775908,0.34327465,0.5184517,0.4300146,0.40969712,0.24132998,0.48356852,0.6385241,0.43442264,0.63276196,0.4834826,0.78689986,0.43573514,0.7961299,0.47929388,0.93436986,0.43916026,0.9379701
pose3100.jpg,nao_acao,0.28404638,0.3351363,0.24357279,0.3357263,0.3027425,0.42550024,0.2224752,0.42389187,0.32545257,0.52978325,0.1886537,0.4940607,0.33651003,0.61844635,0.21254697,0.47465903,0.29338598,0.6440569,0.24362841,0.6488415,0.29834506,0.7969454,0.24630916,0.8058515,0.29140443,0.9296378,0.2544021,0.9332373
pose1021.png,nao_acao,0.46201906,0.2512066,0.42386675,0.25832397,0.4804574,0.34735227,0.40054327,0.32523784,0.50012034,0.44102064,0.34617466,0.3058124,0.5057588,0.54697824,0.34690407,0.22176549,0.46730867,0.5668437,0.41936848,0.5629535,0.46418616,0.69994307,0.41575676,0.72114545,0.44721302,0.8455859,0.41572252,0.86366683
IMG_20241029_133433.jpg,nao_acao,0.5135212,0.16642594,0.46536887,0.1691346,0.53411186,0.28169504,0.44633308,0.28068456,0.5533007,0.43108094,0.41893178,0.41923514,0.56322414,0.56494766,0.4048267,0.54975396,0.5138819,0.55477893,0.4578091,0.5536866,0.51832145,0.7398939,0.45036435,0.74204594,0.5073208,0.9017101,0.464975,0.89594615
IMG_20241017_140403.jpg,nao_acao,0.5250616,0.10075274,0.48537114,0.09884789,0.54213774,0.19568606,0.46972567,0.19525445,0.5573766,0.3119017,0.45053586,0.30918708,0.5586137,0.42353043,0.4487035,0.4144843,0.5261323,0.40642068,0.4808699,0.40649822,0.5193869,0.54976386,0.48460028,0.54866797,0.51616126,0.68867064,0.4932272,0.68829805
IMG_20241029_133454.jpg,nao_acao,0.4222624,0.07228637,0.37371802,0.08197728,0.4520064,0.19046071,0.35426703,0.20098162,0.49154684,0.33455864,0.31828058,0.34104165,0.5244182,0.45655745,0.28943095,0.47746298,0.44067928,0.47017312,0.38055554,0.47718814,0.4484706,0.6629436,0.38142496,0.67736566,0.43625772,0.8130159,0.40362272,0.82756907
IMG_20241017_144212.jpg,nao_acao,0.54889864,0.13533887,0.49812815,0.13192458,0.5588415,0.25130573,0.47691444,0.25110492,0.57861733,0.3758643,0.45829132,0.38400155,0.5785802,0.4781796,0.46240214,0.49253258,0.5471429,0.5000941,0.4970918,0.50104403,0.5431465,0.6560259,0.49100345,0.6595734,0.5279175,0.79247534,0.49748462,0.8076414
IMG_20241017_144216_1.jpg,nao_acao,0.6001561,0.12526229,0.5496987,0.11983925,0.612754,0.23967542,0.52844566,0.23816337,0.63202965,0.3657629,0.5084031,0.36877063,0.6306082,0.4751637,0.509536,0.47873458,0.59553987,0.48590595,0.54342777,0.48535264,0.5924831,0.645885,0.5375352,0.64804584,0.57419753,0.78194225,0.5426433,0.79380184
IMG_20241016_111004.jpg,nao_acao,0.49816015,0.2785896,0.4608754,0.27860814,0.5175084,0.33707103,0.44627136,0.34633875,0.55509335,0.40228218,0.43020365,0.4308375,0.5862367,0.4557804,0.44051975,0.492609,0.5166093,0.4929818,0.47095093,0.49948168,0.52638566,0.5969869,0.46498248,0.60559523,0.52465314,0.69706154,0.47092697,0.71243715
IMG_20241029_133531_1.jpg,nao_acao,0.4985891,0.22771057,0.4454897,0.23201886,0.51564026,0.3431997,0.4171295,0.3450777,0.5337586,0.4974766,0.38561556,0.50616366,0.5461863,0.6400583,0.3825341,0.6664546,0.49796945,0.6306259,0.430443,0.6316718,0.49719268,0.83970803,0.40333837,0.846355,0.4761835,0.98474777,0.39008567,0.9735739
IMG_20241029_132817.jpg,nao_acao,0.71384937,0.29959175,0.67524475,0.3071371,0.740444,0.39516026,0.6607163,0.40363863,0.76928246,0.5181798,0.64417446,0.5237506,0.7625883,0.6278454,0.64929146,0.6287787,0.7317682,0.6317126,0.68018025,0.6356133,0.7429763,0.7871544,0.6770897,0.79466254,0.74532884,0.95475894,0.6890211,0.9483234
pose10006.png,nao_acao,0.40754208,0.2584628,0.36225042,0.25413042,0.42459774,0.37600112,0.33981198,0.37527323,0.4470016,0.51054674,0.30620578,0.5055871,0.4579228,0.61799794,0.28704923,0.6107804,0.3974071,0.61541337,0.3445656,0.6153712,0.40214044,0.80943996,0.34502482,0.80952126,0.39206886,0.9779711,0.35664034,0.9758057
IMG_20241029_132821.jpg,nao_acao,0.35948417,0.2632266,0.31348416,0.27451113,0.38577017,0.36735153,0.29709813,0.3821456,0.4158907,0.49295923,0.2829678,0.5248974,0.42067105,0.6040643,0.30513027,0.6496972,0.3900337,0.61998624,0.33240053,0.63084906,0.39723188,0.79177904,0.33116925,0.8145881,0.39391005,0.96882486,0.33693144,0.9864955
IMG_20241017_144213_1.jpg,nao_acao,0.38580403,0.2429213,0.33516154,0.24101305,0.40413624,0.3529949,0.3176068,0.35908017,0.42756584,0.47597805,0.30026245,0.488028,0.43123892,0.58390874,0.30409724,0.5983807,0.3942523,0.5996783,0.34017226,0.6047821,0.4005984,0.7611316,0.33900696,0.7702118,0.3873572,0.91353256,0.35471013,0.93145806
IMG_20241017_140407.jpg,nao_acao,0.48572853,0.08407763,0.4476345,0.08459466,0.50168777,0.1782063,0.429786,0.17545086,0.5132274,0.29225817,0.41061828,0.28290826,0.5149699,0.39510885,0.4069076,0.38475126,0.48223644,0.37737167,0.4370594,0.37610868,0.4737446,0.521263,0.43958333,0.5201506,0.4628474,0.6600737,0.4447331,0.66043097
IMG_20241017_140356.jpg,nao_acao,0.5052307,0.23619252,0.4673249,0.23618805,0.5227828,0.32793254,0.45084876,0.3263317,0.53827626,0.43801966,0.4347038,0.43143976,0.5374921,0.5403414,0.43190816,0.5332605,0.5046632,0.52568287,0.45942926,0.52505434,0.49925515,0.66670215,0.46535027,0.6662826,0.4919236,0.8027602,0.47283792,0.8042906
pose6050.png,nao_acao,0.7150896,0.17751603,0.6787334,0.178898,0.72609514,0.23705868,0.66935205,0.23762538,0.7175159,0.31500906,0.66195476,0.3137115,0.70267373,0.21978532,0.68052095,0.22702716,0.71045524,0.44587946,0.66893816,0.44655123,0.7157986,0.59695244,0.66270655,0.5967981,0.7204154,0.731531,0.66598713,0.7392609
IMG_20241029_133446_1.jpg,nao_acao,0.6836753,0.1884058,0.63457894,0.19138429,0.7022438,0.3022342,0.61026645,0.30134547,0.734863,0.44060746,0.5644053,0.42787406,0.7661355,0.56551486,0.53045654,0.5508428,0.6741085,0.57446414,0.61781716,0.5730826,0.6677068,0.7647023,0.6068822,0.768332,0.6518376,0.92960113,0.61146975,0.92992544
pose9087.png,nao_acao,0.219098,0.12200517,0.17707011,0.12926772,0.24143915,0.23270601,0.1572079,0.21834908,0.26282334,0.3397503,0.12146006,0.25219455,0.2780729,0.44655657,0.16584167,0.23451528,0.23506983,0.45319664,0.18375853,0.45522243,0.24489918,0.6269946,0.19899483,0.63473606,0.25142384,0.7974478,0.2152401,0.79215175
pose5012.jpg,nao_acao,0.535947,0.22850136,0.49443898,0.2260857,0.55209386,0.32421654,0.47450662,0.32494697,0.5717252,0.42788255,0.45003614,0.43433672,0.56718796,0.5174426,0.46448085,0.5280519,0.53612185,0.55153567,0.4875841,0.55167824,0.5364797,0.70817024,0.48537594,0.7091408,0.5272447,0.85594994,0.48815852,0.8526998
pose7096.jpg,nao_acao,0.5086027,0.34474227,0.47095165,0.34355998,0.52464217,0.43099484,0.45496294,0.41973734,0.5555855,0.516822,0.42705655,0.4639257,0.56877977,0.6146213,0.41101727,0.47332612,0.5080134,0.64687514,0.46420947,0.6431765,0.5100122,0.7902699,0.46148235,0.7917904,0.49989262,0.9226517,0.46718755,0.9252837
IMG_20241017_140351.jpg,nao_acao,0.48691875,0.36382163,0.4427116,0.36606628,0.50951034,0.47362512,0.4240194,0.47578672,0.52711374,0.6067828,0.40917844,0.60929346,0.53229165,0.7258001,0.4126381,0.73017734,0.50009173,0.7175567,0.44496462,0.72016805,0.49867728,0.8990144,0.45416015,0.90236306,0.49196568,0.99999994,0.4633466,0.99999994
IMG_20241017_140406.jpg,nao_acao,0.4869281,0.122221746,0.4479128,0.120767005,0.50065655,0.2115526,0.43005204,0.21067713,0.5140801,0.33026582,0.4106032,0.32489458,0.5149048,0.43489495,0.40764478,0.42319092,0.48090532,0.41649067,0.43694097,0.41627017,0.47521806,0.56152296,0.44114658,0.56132424,0.46974823,0.70396185,0.44734395,0.7053562
IMG_20241017_143646.jpg,nao_acao,0.51013434,0.17222263,0.4733013,0.16833769,0.52131605,0.25164685,0.454729,0.2526232,0.53390235,0.35252205,0.44235155,0.36435413,0.54510635,0.44594198,0.4371295,0.46701372,0.51173156,0.442418,0.46861318,0.4444229,0.5126766,0.59611744,0.47143954,0.5996631,0.5004779,0.7497612,0.46941414,0.75319153
IMG_20241029_132829.jpg,nao_acao,0.55225176,0.26205468,0.50625515,0.26902094,0.57848746,0.3650605,0.48924884,0.37026063,0.59829426,0.5016852,0.46889004,0.50238323,0.57688504,0.6204777,0.4743624,0.6190301,0.56055814,0.61552966,0.50231576,0.6160573,0.5697222,0.78621674,0.4949361,0.78875804,0.5601938,0.9638334,0.50673044,0.95578897
IMG_20241029_133516.jpg,nao_acao,0.32485956,0.20537113,0.27087933,0.21937218,0.3558416,0.31656402,0.25878227,0.3410975,0.40659124,0.449303,0.23873816,0.5010958,0.4389998,0.58810735,0.23015887,0.65800285,0.37303376,0.5944167,0.3065606,0.61348104,0.40546033,0.7945652,0.3121588,0.8243569,0.4289918,0.9765474,0.32276687,0.99688923
IMG_20241029_133440.jpg,nao_acao,0.4000785,0.2509086,0.3544142,0.25896415,0.4207345,0.3597025,0.33505732,0.3620661,0.44011232,0.5015731,0.30795878,0.4974475,0.45069355,0.6238187,0.29879594,0.6291369,0.40418747,0.6224432,0.3497995,0.62410355,0.40736812,0.80451846,0.34421375,0.81216824,0.3941588,0.9664262,0.35818315,0.9686859
pose1028.png,nao_acao,0.4687376,0.25814137,0.42687947,0.265734,0.491505,0.359361,0.4092334,0.3176115,0.52681583,0.40824226,0.38109085,0.2376879,0.49457374,0.38340583,0.4207666,0.17750484,0.46522054,0.57797503,0.41522047,0.56480867,0.4626815,0.7076429,0.4200614,0.73052853,0.45243654,0.8626056,0.4200867,0.8724126
IMG_20241029_132811_1.jpg,nao_acao,0.540974,0.26100606,0.49879253,0.2811447,0.5693213,0.35443535,0.48849058,0.37817535,0.59438056,0.47852412,0.47751737,0.5158882,0.60315543,0.58006614,0.4996483,0.6250693,0.5761317,0.60023105,0.5217764,0.6153929,0.58734936,0.7529019,0.5217015,0.78219986,0.5863131,0.9229263,0.5327153,0.9421857
IMG_20241017_140809.jpg,nao_acao,0.53152096,0.16774802,0.48270544,0.16472422,0.55231017,0.2861515,0.4635238,0.2858198,0.56817734,0.43759537,0.44224373,0.43084952,0.56174445,0.5681287,0.44643995,0.55522084,0.53414446,0.56096935,0.47612894,0.5611633,0.53672475,0.7472314,0.46965486,0.7503635,0.52948403,0.9116965,0.48259923,0.9138007
pose7059.jpg,nao_acao,0.3368724,0.14484535,0.29533452,0.14208107,0.352658,0.23581704,0.27998647,0.24008243,0.3854206,0.2824809,0.25538737,0.2988516,0.4133361,0.30054656,0.24390157,0.318287,0.34206647,0.45851424,0.2982299,0.46226147,0.349866,0.610835,0.29777646,0.6167467,0.33941022,0.77389127,0.29785982,0.7856164
pose6060.png,nao_acao,0.6014253,0.21463361,0.56426805,0.21155716,0.6167129,0.2819856,0.5508077,0.2793061,0.58981836,0.35721296,0.5357023,0.3554699,0.5877713,0.25882238,0.56258494,0.27921775,0.60293335,0.5169613,0.5557927,0.51669747,0.6059901,0.6799722,0.5492805,0.6842217,0.5992512,0.84905565,0.56723964,0.8599747
IMG_20241029_133528.jpg,nao_acao,0.48277438,0.1616708,0.43248025,0.17417003,0.50933266,0.26724404,0.42111376,0.2748714,0.54610115,0.41286972,0.40272525,0.42014253,0.5531174,0.55073124,0.39508718,0.5587516,0.5076626,0.52751803,0.44815665,0.53267795,0.5263704,0.7112938,0.4404705,0.7228651,0.54120016,0.89822334,0.44318992,0.9013459
IMG_20241017_140814.jpg,nao_acao,0.5036649,0.29195854,0.45950955,0.28891453,0.51965505,0.39761236,0.4372226,0.39618465,0.5344695,0.53149587,0.41933027,0.53211695,0.5295302,0.6479781,0.42420608,0.64809036,0.504896,0.6454809,0.45105118,0.6456019,0.50665575,0.8200036,0.4440289,0.82387704,0.4969363,0.97141725,0.45141098,0.9780578
IMG_20241029_132748_1.jpg,nao_acao,0.49871498,0.15238571,0.4542156,0.16022465,0.51412153,0.2744272,0.43699485,0.28425384,0.5371295,0.42389596,0.42584622,0.44424295,0.55564696,0.5282563,0.4383779,0.57001483,0.5192138,0.55677766,0.46930528,0.56579274,0.5227671,0.75689363,0.46982506,0.7732271,0.51968586,0.94500893,0.48025966,0.9605765
IMG_20241029_133517.jpg,nao_acao,0.45214465,0.19779877,0.40142664,0.2021696,0.47674215,0.3055576,0.3839002,0.3118706,0.51430726,0.44713157,0.3547738,0.45688823,0.53515726,0.5745548,0.33830485,0.59880143,0.47204903,0.57524884,0.41032818,0.58159715,0.4934807,0.76119125,0.4024057,0.77490443,0.49790472,0.95403886,0.40522435,0.97096604
pose5092.jpg,nao_acao,0.30942318,0.3565815,0.2706359,0.3613478,0.33466253,0.446799,0.25344893,0.44974527,0.37518403,0.52245945,0.22559074,0.53842074,0.3543695,0.4947154,0.2146155,0.5822688,0.32253173,0.67154855,0.2735469,0.6709673,0.3270911,0.8252609,0.27482346,0.8296042,0.32241118,0.96448106,0.28453076,0.9701321
IMG_20241029_133455.jpg,nao_acao,0.49871042,0.14280392,0.4495486,0.15255284,0.531518,0.26562768,0.4337338,0.270911,0.5669454,0.41830763,0.39721733,0.40799466,0.5936638,0.55766535,0.3613345,0.53338146,0.5105449,0.5543849,0.45018762,0.5551901,0.5221607,0.75633585,0.4524189,0.756941,0.51445496,0.9296882,0.47531703,0.9096883
IMG_20241017_140817.jpg,nao_acao,0.45677596,0.2963681,0.41214716,0.29293004,0.47286117,0.40334108,0.39052364,0.40173644,0.49013427,0.5365425,0.3745363,0.5366556,0.48578426,0.6553841,0.37833014,0.65625244,0.46061978,0.65477955,0.40673813,0.6552813,0.4642514,0.83039224,0.40220845,0.8342774,0.45549414,0.98030293,0.4104088,0.9866875
IMG_20241029_133431.jpg,nao_acao,0.6057045,0.2633267,0.55658543,0.2629613,0.6250467,0.37622353,0.53546965,0.37310317,0.6408581,0.52203566,0.5078889,0.51065195,0.6439659,0.6628897,0.49464852,0.6419818,0.6000807,0.6479873,0.5431624,0.6446821,0.60142577,0.83148885,0.53529495,0.82754385,0.5822151,0.9809266,0.5506409,0.97461814
pose8057.png,nao_acao,0.6754009,0.47964704,0.61458904,0.47092938,0.6909001,0.6315788,0.5844386,0.6104382,0.7089734,0.79488105,0.54498667,0.75617754,0.68306786,0.7959288,0.5685403,0.7810972,0.6515796,0.92993927,0.5796583,0.919929,0.65690714,1.0,0.56206447,1.0,0.6274602,0.9121935,0.536184,0.9143026
IMG_20241017_140410_1.jpg,nao_acao,0.40157712,0.14898098,0.36242518,0.14921904,0.41543123,0.24278037,0.34319693,0.23917888,0.4295469,0.35339966,0.32205975,0.34322146,0.4363646,0.45123568,0.32295856,0.44650885,0.4007888,0.4417383,0.35585395,0.44181406,0.38932583,0.5870974,0.35731253,0.5889424,0.3784857,0.7252819,0.3599294,0.72959685
IMG_20241029_133453_1.jpg,nao_acao,0.5398598,0.19055161,0.4933399,0.19650023,0.5621622,0.30239028,0.4725989,0.30478516,0.59546566,0.43315405,0.43413436,0.43292856,0.62675434,0.5508327,0.40620664,0.5591988,0.54478055,0.56818455,0.48906565,0.5700502,0.54656446,0.75246453,0.4836941,0.7612184,0.5327924,0.90966934,0.4942562,0.9159915
IMG_20241017_140806.jpg,nao_acao,0.56720656,0.26407075,0.5223262,0.2656016,0.5927239,0.3678731,0.49963602,0.3655607,0.64527243,0.46826792,0.44983202,0.4468968,0.69507897,0.5585831,0.39720255,0.5095833,0.5716751,0.6241424,0.5156369,0.6242971,0.5766012,0.79161656,0.51441944,0.80030876,0.5696694,0.95246744,0.5271051,0.95909244
IMG_20241017_144213.jpg,nao_acao,0.45555827,0.05726777,0.40465978,0.057180647,0.4699725,0.17276071,0.38836285,0.17791812,0.49491766,0.29835865,0.37298906,0.3106529,0.49912092,0.40630335,0.37844536,0.4190566,0.46452257,0.4200973,0.4136101,0.4247778,0.46569362,0.5746942,0.414132,0.58299905,0.45753524,0.7108731,0.42351136,0.7248835
IMG_20241029_133538.jpg,nao_acao,0.43400916,0.20100237,0.38282803,0.18869753,0.44840437,0.30839023,0.35156906,0.29905152,0.4775775,0.39562708,0.32049748,0.4604735,0.42367375,0.25504658,0.30659077,0.6138682,0.43422782,0.6038325,0.36636403,0.5960826,0.4498744,0.82308555,0.35419554,0.8211848,0.45558408,0.9663958,0.35031453,0.9752273
IMG_20241017_143650.jpg,nao_acao,0.48910606,0.28624573,0.43573016,0.28014508,0.5041142,0.39116773,0.4153969,0.3942861,0.52176213,0.5296268,0.4037691,0.5442497,0.53047585,0.66102463,0.40028855,0.6841495,0.49419677,0.64826477,0.4351705,0.6512161,0.4928701,0.870427,0.43139735,0.8707686,0.4736849,0.98566794,0.44001466,0.98551506
IMG_20241029_132744.jpg,nao_acao,0.6208334,0.031298768,0.5702828,0.026791517,0.6353127,0.16375421,0.5436614,0.15465018,0.6441452,0.32325673,0.51551753,0.3088196,0.6372383,0.45909843,0.51215464,0.45002562,0.603719,0.45803243,0.5455188,0.45018455,0.59470576,0.6586586,0.52867967,0.64849514,0.56750995,0.8496435,0.52710146,0.8428855
IMG_20241029_133540_1.jpg,nao_acao,0.57074904,0.27397642,0.5177058,0.26468253,0.58953524,0.3889013,0.48708767,0.3684121,0.61311734,0.56146425,0.44675982,0.49587962,0.60337603,0.71435165,0.44340348,0.50565124,0.5567238,0.67556906,0.48595303,0.6631359,0.5652546,0.89509255,0.46430504,0.8743606,0.5616697,0.99999994,0.4623237,0.97010833
pose1014.png,nao_acao,0.46155706,0.258907,0.42331776,0.2618276,0.4776536,0.34281203,0.40312764,0.34670767,0.49553242,0.4404181,0.38052806,0.43852946,0.5095584,0.53552675,0.40058938,0.49814555,0.4668579,0.5575188,0.41914615,0.5631912,0.46168947,0.7097133,0.41924092,0.7207619,0.45773345,0.84936684,0.4204278,0.8621584
pose1011.png,nao_acao,0.45994708,0.25228286,0.42084432,0.25610644,0.47903714,0.33522937,0.4004948,0.34012258,0.50786954,0.42756146,0.37497932,0.43022043,0.5272177,0.47777855,0.41492468,0.41802403,0.46819684,0.5574675,0.42051563,0.5625622,0.4668294,0.70933485,0.41929847,0.7171899,0.45919424,0.85204625,0.42005736,0.8671589
IMG_20241017_143656.jpg,nao_acao,0.4939796,0.11068672,0.45287582,0.10553569,0.5035081,0.19321145,0.4349492,0.19237767,0.5137991,0.3028689,0.42609948,0.3121702,0.51728827,0.40091258,0.43164313,0.4210042,0.49207062,0.3863304,0.44711128,0.3870925,0.490103,0.5462576,0.44775975,0.5465888,0.47937936,0.70714015,0.44357193,0.7054674
pose15089.png,nao_acao,0.41835055,0.64151514,0.3775088,0.64516336,0.41235128,0.7221013,0.36530873,0.7372217,0.40589556,0.8165157,0.38519013,0.8499129,0.4144702,0.73803985,0.41517386,0.7399123,0.39063558,0.97230524,0.35462755,0.9790726,0.39904025,1.0,0.36093882,1.0,0.38102385,1.0,0.35135707,1.0
IMG_20241029_132826_1.jpg,nao_acao,0.61313814,0.38027,0.57111895,0.38932666,0.6375234,0.47245458,0.54718333,0.47304463,0.6620909,0.5804221,0.50735545,0.5736471,0.6583016,0.68221116,0.526093,0.67689836,0.61965555,0.7192078,0.5614529,0.7195485,0.6166507,0.8860333,0.55211157,0.8911777,0.59583944,0.9928291,0.55139107,0.98196125
IMG_20241029_132815.jpg,nao_acao,0.34648043,0.29197136,0.30527413,0.29455853,0.37048876,0.38680232,0.28906867,0.39035308,0.39116222,0.5112841,0.26597703,0.5112571,0.38000277,0.61997586,0.26944008,0.61942935,0.35302353,0.61762935,0.3005142,0.61855704,0.3632564,0.7740062,0.29543403,0.7777328,0.35644528,0.94419456,0.30302915,0.94100213
pose4043.jpg,nao_acao,0.43356347,0.22847828,0.38851732,0.22645438,0.45102844,0.3365573,0.36885408,0.33712336,0.47747374,0.45703793,0.34372768,0.464966,0.49186346,0.5696416,0.3289664,0.58410776,0.43092796,0.5864039,0.3798612,0.58580196,0.4339206,0.76421255,0.3718523,0.7640636,0.42294836,0.92401695,0.38050163,0.92526966
IMG_20241029_133533_2.jpg,nao_acao,0.6358127,0.24224341,0.5940951,0.24433707,0.64660287,0.34093028,0.5685228,0.34479466,0.6686004,0.46656775,0.5452249,0.48537698,0.68705696,0.57783216,0.5527129,0.61135787,0.6454039,0.5822833,0.5938221,0.5891742,0.65781367,0.75446516,0.57993156,0.7748401,0.65849346,0.9336987,0.5716622,0.9615211
IMG_20241029_132742_1.jpg,nao_acao,0.3322177,0.16513568,0.2819614,0.16286826,0.35239244,0.2880366,0.26385802,0.288429,0.37066245,0.436089,0.24326919,0.4318996,0.36854127,0.56574374,0.23420474,0.56525624,0.33198813,0.57494044,0.2743941,0.5744356,0.33488318,0.7734864,0.27173582,0.77601457,0.32706854,0.9570148,0.2826733,0.9608193
pose1012.png,nao_acao,0.46011764,0.25349882,0.42131087,0.2565529,0.47557193,0.33741722,0.40066734,0.34059763,0.49667522,0.44366863,0.38021705,0.4366538,0.51625884,0.53806984,0.4143249,0.46129566,0.46755433,0.5560471,0.42115098,0.56139374,0.467132,0.70700574,0.41671082,0.7190551,0.4574008,0.8490831,0.42111418,0.8636523
IMG_20241017_144214_1.jpg,nao_acao,0.5306649,0.281227,0.48027492,0.27204615,0.540916,0.38957804,0.45817545,0.38314974,0.5605312,0.5159562,0.43846872,0.5066987,0.55785555,0.62728566,0.43641225,0.62249327,0.5246154,0.6322728,0.47233897,0.63016,0.5216926,0.79022974,0.4661461,0.79369,0.5052021,0.94321793,0.47184628,0.95293874
IMG_20241029_133529_1.jpg,nao_acao,0.4847883,0.1360647,0.4312874,0.14409977,0.50888264,0.25189626,0.4176261,0.25751662,0.5395636,0.40403512,0.39157802,0.4023512,0.5474216,0.5406751,0.38171622,0.5350698,0.4987877,0.5168198,0.43582112,0.5204193,0.51303923,0.69298023,0.42230785,0.7038854,0.51908803,0.8821092,0.41649657,0.8869359
IMG_20241029_132809.jpg,nao_acao,0.40183198,0.30608273,0.35797653,0.31283104,0.42657956,0.40285817,0.3441941,0.41047093,0.44689587,0.5238972,0.32594785,0.53597975,0.44415584,0.6416411,0.33450648,0.6506794,0.4184372,0.64213544,0.36464888,0.646218,0.43039563,0.8060034,0.3631883,0.8128956,0.43401846,0.9785654,0.37492394,0.9776517
IMG_20241017_140810.jpg,nao_acao,0.525454,0.08350514,0.4761954,0.07983722,0.5457841,0.20470907,0.4597469,0.20030445,0.5613426,0.3591974,0.43957818,0.34180185,0.55123585,0.48356625,0.43948165,0.4592136,0.52504915,0.4737823,0.4693368,0.4700618,0.5249562,0.6556418,0.46384788,0.6515433,0.5235536,0.8095007,0.47153533,0.80466586
IMG_20241029_133451.jpg,nao_acao,0.41262215,0.16900973,0.36549297,0.17750156,0.4387912,0.28525817,0.3457665,0.29350197,0.4764189,0.42210576,0.30689874,0.4236334,0.51025784,0.537253,0.27929893,0.5566095,0.42722818,0.55777746,0.37011617,0.5649528,0.43543848,0.74250925,0.37210947,0.76037556,0.42592934,0.90306234,0.39199936,0.9225698
pose8042.png,nao_acao,0.64921016,0.36229149,0.6174966,0.3648624,0.66756237,0.4389368,0.6025465,0.43823895,0.6884869,0.52833265,0.5820274,0.53371906,0.7002186,0.42270017,0.57084936,0.4729896,0.66027135,0.6171377,0.61862314,0.61901134,0.66722673,0.7607229,0.6286788,0.76198673,0.6708091,0.88752544,0.6421559,0.8932507
IMG_20241017_143657.jpg,nao_acao,0.39579695,0.14994785,0.35393798,0.14983487,0.40826342,0.23913747,0.34059313,0.24432023,0.4236002,0.35057563,0.32989937,0.36587262,0.43529376,0.45015037,0.33442828,0.47295964,0.40441996,0.45068258,0.35982245,0.4553201,0.40758893,0.6062539,0.36076885,0.6133095,0.40146765,0.7607495,0.35982534,0.76823056
IMG_20241017_140354.jpg,nao_acao,0.5128201,0.03453027,0.4724212,0.036427453,0.5303307,0.13382398,0.45544964,0.13445513,0.5446058,0.25121722,0.43766877,0.24924417,0.54523355,0.358484,0.4378358,0.35508287,0.5126927,0.34607735,0.46565896,0.34678945,0.50747883,0.49507844,0.47264355,0.49720117,0.49671048,0.63590604,0.47816113,0.64047325
IMG_20241017_140815.jpg,nao_acao,0.5279525,0.20718789,0.4816158,0.20160171,0.5442259,0.3174763,0.46295035,0.31193733,0.5591244,0.45756432,0.44389737,0.44358376,0.55333346,0.5672679,0.44694638,0.5513829,0.5278659,0.5588025,0.47536817,0.5565913,0.52698916,0.72975576,0.46870053,0.7302168,0.5217494,0.88241994,0.47345534,0.889533
IMG_20241017_140807_1.jpg,nao_acao,0.559319,0.21969898,0.51176643,0.21365888,0.57299125,0.33535182,0.487725,0.32968408,0.58854645,0.47861788,0.46781626,0.4712659,0.5839547,0.5981189,0.47386238,0.593452,0.5553887,0.5978506,0.5007547,0.59566027,0.5537839,0.7772585,0.49220458,0.7786401,0.5424498,0.93609583,0.49417454,0.9449679
IMG_20241017_143647.jpg,nao_acao,0.5470025,0.21643321,0.5068228,0.21397758,0.555816,0.29848292,0.4894473,0.2996273,0.56480306,0.4046143,0.47484568,0.4132899,0.57571954,0.50041413,0.47189128,0.51914424,0.54500943,0.49612057,0.5017045,0.49822024,0.5429489,0.6474581,0.50068575,0.65319014,0.53333634,0.796825,0.49455705,0.80440557
pose1018.png,nao_acao,0.46217856,0.2614842,0.42146188,0.2617848,0.47632524,0.3485827,0.40116414,0.34916598,0.49310046,0.4456047,0.37908423,0.43752757,0.5074987,0.54444253,0.39712092,0.4982155,0.46408874,0.5645995,0.41614556,0.56860274,0.45919815,0.71333444,0.41573578,0.7237037,0.45351654,0.8537389,0.41716814,0.8679062
IMG_20241029_133534.jpg,nao_acao,0.5194483,0.08912674,0.47465694,0.09397358,0.5326304,0.1937918,0.4522507,0.20280813,0.55472875,0.32451984,0.4311828,0.35450366,0.57553715,0.4476421,0.4380341,0.4873891,0.53647095,0.4510409,0.48279995,0.46071976,0.5480685,0.6265651,0.46698982,0.6546658,0.5486395,0.8023778,0.45999563,0.84637743
IMG_20241017_143656_1.jpg,nao_acao,0.50410897,0.13819757,0.46422324,0.13175493,0.51305324,0.22286446,0.4470754,0.21697228,0.5208391,0.33375165,0.434597,0.33100924,0.5259981,0.4309303,0.43413782,0.44113657,0.49864903,0.4158359,0.45501968,0.4135028,0.4977178,0.57181555,0.45250332,0.5689998,0.4893782,0.7287541,0.4475859,0.7242306
IMG_20241029_133431_1.jpg,nao_acao,0.612184,0.25957435,0.56251425,0.25850976,0.6298743,0.37891486,0.5376284,0.37162548,0.6427686,0.5313907,0.507039,0.5083988,0.6456024,0.67528784,0.4895631,0.6446072,0.5989481,0.6642795,0.5392619,0.65868914,0.59323055,0.8645353,0.5294283,0.8618002,0.5694099,0.9884586,0.5396015,0.97640693
1725302273150.png,nao_acao,0.3533978,0.39782014,0.3404406,0.39574292,0.3811747,0.4623173,0.3172231,0.4235337,0.40883565,0.53134507,0.28162006,0.338649,0.41351578,0.605108,0.2791209,0.24090648,0.3681139,0.6422115,0.325536,0.6329158,0.38295606,0.75139606,0.32291722,0.7631523,0.3805173,0.86979085,0.33493626,0.8834252
IMG_20241017_144209_1.jpg,nao_acao,0.52994454,0.2974278,0.48385793,0.29417813,0.5454093,0.3984075,0.46669194,0.398922,0.56616837,0.514081,0.45015347,0.5187844,0.56603646,0.62252355,0.44880798,0.6257568,0.53168446,0.63249564,0.48160556,0.6330674,0.5349916,0.7800761,0.47740212,0.7819643,0.5192778,0.93198496,0.48742086,0.9365087
IMG_20241029_133427_1.jpg,nao_acao,0.6840227,0.25226775,0.6340582,0.2582003,0.70988727,0.37182373,0.61437666,0.37566164,0.7339933,0.5242434,0.59165305,0.5178202,0.7464148,0.6696638,0.57470757,0.65092784,0.69404876,0.66754854,0.6316644,0.6693718,0.69859385,0.87212026,0.6298487,0.87626344,0.681277,0.9828245,0.6525957,0.9716699
IMG_20241017_143659.jpg,nao_acao,0.46261594,0.27348801,0.42053038,0.274816,0.47632998,0.3633638,0.406306,0.36688483,0.48716918,0.47767848,0.39113516,0.48472273,0.49433187,0.58293664,0.38866696,0.5926693,0.4622586,0.5741167,0.41652447,0.5757212,0.4605982,0.7368254,0.4151408,0.73864186,0.4507132,0.8993917,0.41077375,0.9004663
IMG_20241029_132813.jpg,nao_acao,0.4719664,0.076064415,0.42801982,0.08463332,0.4986142,0.1785529,0.4136136,0.18769409,0.52177614,0.31166345,0.39085993,0.31998008,0.5187659,0.43029687,0.39839724,0.43789738,0.48643404,0.42353985,0.4313666,0.4277185,0.49354064,0.58684444,0.42679727,0.593885,0.4859872,0.7572748,0.43464053,0.75533074
IMG_20241029_133539.jpg,nao_acao,0.3337349,0.15177463,0.27711156,0.14948782,0.35792705,0.26633635,0.2560321,0.26198733,0.39316687,0.4289394,0.22823931,0.4150996,0.38877213,0.57334423,0.21230713,0.56680065,0.3427427,0.55513185,0.2733861,0.5538654,0.36340645,0.75611854,0.25869867,0.7606702,0.3738855,0.95700717,0.26598313,0.9652148
IMG_20241029_133452.jpg,nao_acao,0.5606744,0.20707026,0.513234,0.21265064,0.5826325,0.32004374,0.4916995,0.3209274,0.6146359,0.45788017,0.45102033,0.45016116,0.6437635,0.5754537,0.42319176,0.57938784,0.56131345,0.58657724,0.50574225,0.5875246,0.5615368,0.7705762,0.499898,0.7790055,0.5485377,0.93245405,0.51215637,0.93742204
IMG_20241029_133424.jpg,nao_acao,0.5332139,0.10927616,0.47652033,0.11742095,0.56001544,0.23662718,0.45985407,0.24572068,0.59132487,0.3991616,0.43581268,0.40567017,0.60790896,0.5435899,0.42510107,0.5508995,0.5459861,0.5475714,0.47998032,0.5528942,0.55201876,0.7595243,0.4805606,0.7684255,0.54533124,0.9273652,0.50130004,0.92530936
pose1019.png,nao_acao,0.4607086,0.259472,0.42351037,0.262598,0.4762036,0.3446051,0.40169773,0.34744602,0.49339744,0.44402605,0.37798664,0.43425545,0.50606257,0.5456705,0.3905431,0.48368886,0.4640443,0.5620513,0.41646418,0.56713897,0.45985624,0.71213907,0.41787106,0.72396785,0.45499656,0.85303813,0.41816965,0.8674446
IMG_20241029_132826.jpg,nao_acao,0.6694369,0.28343305,0.6269559,0.29424945,0.6892972,0.37661588,0.60515255,0.37903568,0.71294767,0.4889902,0.5632788,0.48830476,0.7156419,0.58981204,0.57580173,0.59836465,0.6734396,0.619107,0.62120354,0.6202124,0.6671769,0.77220625,0.60949564,0.7835928,0.6576413,0.92312914,0.60378593,0.92498183
IMG_20241029_133516_1.jpg,nao_acao,0.550417,0.21037048,0.5000639,0.21077245,0.57195926,0.31761554,0.47974163,0.31561065,0.60288256,0.4654463,0.4452803,0.4582567,0.6212581,0.60010314,0.42500848,0.59208137,0.5564609,0.58281183,0.49479917,0.5823508,0.5715471,0.77033347,0.47939363,0.772268,0.56756127,0.962306,0.47442323,0.96507215
IMG_20241029_132815_1.jpg,nao_acao,0.22575222,0.35786286,0.18202943,0.36122033,0.2550889,0.45414656,0.16166672,0.4606586,0.27640983,0.5817082,0.13641973,0.5878303,0.26483753,0.6993471,0.13907185,0.70563954,0.23710877,0.7060565,0.17539181,0.7091255,0.24438393,0.8818152,0.17071928,0.88878566,0.23102824,0.9887047,0.19435742,0.9886813
IMG_20241029_132814.jpg,nao_acao,0.28428563,0.19952759,0.24173069,0.2079914,0.31368732,0.29864976,0.2319865,0.3109665,0.34345376,0.41634282,0.21503673,0.43301255,0.34028068,0.5306867,0.22309211,0.54410106,0.31025717,0.54040694,0.25853252,0.5472654,0.32738554,0.6939907,0.26415738,0.70644146,0.33348984,0.85555124,0.2756847,0.86302567
IMG_20241029_132751.jpg,nao_acao,0.42432675,0.3390497,0.38741705,0.33771923,0.43761343,0.43418807,0.36753988,0.43259898,0.4494166,0.5474588,0.35328603,0.5498564,0.45193297,0.647263,0.3519779,0.65611356,0.42507264,0.65331,0.37937397,0.6535339,0.42602244,0.8155823,0.38230684,0.81337976,0.42503598,0.9714303,0.38521034,0.9695772
IMG_20241017_143651.jpg,nao_acao,0.5104949,0.23540697,0.45624763,0.23279,0.52714026,0.34265712,0.4379854,0.34547526,0.5447169,0.48796263,0.42588934,0.49931538,0.5519935,0.6214845,0.42102182,0.6352703,0.5160068,0.6023759,0.4573696,0.60448116,0.5150994,0.8193418,0.4542138,0.8208447,0.5030188,0.98404384,0.46348473,0.98240703
IMG_20241017_140815_1.jpg,nao_acao,0.45931685,0.21799071,0.4159842,0.21572429,0.4761167,0.3217073,0.39924073,0.3223171,0.4952242,0.45472944,0.38247883,0.45166165,0.48685628,0.5675393,0.38757277,0.562007,0.46389246,0.56398976,0.4145992,0.56505126,0.46872085,0.729707,0.4119607,0.7343908,0.46591747,0.87305623,0.41976556,0.8798199
IMG_20241029_133525.jpg,nao_acao,0.38740468,0.17810819,0.3327766,0.182274,0.41417018,0.29003406,0.31784892,0.2954447,0.44815975,0.4478628,0.29158488,0.446516,0.45471078,0.5914888,0.2762113,0.5886858,0.40522608,0.5718158,0.33790952,0.57586706,0.4217843,0.7718218,0.3271181,0.78157705,0.4275173,0.9690819,0.32701144,0.9747384
IMG_20241029_133522_1.jpg,nao_acao,0.51433814,0.09018539,0.4578008,0.09110021,0.53413993,0.21441717,0.43568864,0.21474521,0.5611815,0.3705249,0.40395364,0.37012124,0.56952566,0.51747257,0.3931139,0.5227497,0.52005124,0.49320257,0.45421326,0.49500543,0.53246284,0.69301635,0.4362683,0.7068233,0.53631485,0.90282875,0.42360088,0.92088586
IMG_20241017_140412.jpg,nao_acao,0.52506226,0.1685037,0.4866379,0.16916525,0.54146004,0.25969732,0.4698666,0.25847623,0.5559401,0.37034848,0.45111933,0.3632177,0.5610345,0.47349346,0.44977352,0.4648991,0.52585053,0.45733225,0.48101032,0.4577367,0.5174032,0.6009786,0.4840933,0.6025854,0.50944763,0.7425212,0.48964092,0.74620754
IMG_20241029_133426_1.jpg,nao_acao,0.31649232,0.28529745,0.26356152,0.28957888,0.342509,0.40654007,0.24220572,0.4090911,0.3657565,0.55732083,0.21720356,0.55655897,0.37843272,0.69943875,0.1962613,0.7030303,0.32419398,0.70841753,0.25919604,0.70991015,0.33027962,0.9125722,0.26072738,0.92067504,0.3107011,0.97347933,0.2844276,0.9686254
IMG_20241029_133427.jpg,nao_acao,0.53156847,0.26715633,0.48324263,0.2699342,0.555022,0.38505146,0.46439454,0.38613716,0.5767694,0.53208405,0.44313484,0.5231147,0.5889683,0.6722124,0.42477366,0.6560519,0.5404464,0.674984,0.4805668,0.6763872,0.54488593,0.874006,0.47810197,0.88104516,0.5334633,0.9863047,0.49668252,0.9831709
IMG_20241029_133533_1.jpg,nao_acao,0.46889746,0.25035077,0.42261055,0.2541031,0.48609942,0.34591433,0.40596375,0.3552441,0.50952005,0.46784505,0.38663784,0.48996517,0.5241211,0.57913715,0.39268202,0.6134828,0.48755437,0.5843651,0.43416816,0.59342164,0.49833366,0.75120014,0.42259738,0.77780217,0.5016653,0.9265238,0.41690505,0.9656509
IMG_20241017_140359.jpg,nao_acao,0.44153664,0.1844338,0.40051258,0.18777631,0.4608408,0.2794422,0.3858531,0.28304732,0.47824225,0.39030448,0.36764732,0.39309207,0.48399383,0.4998798,0.3715089,0.49869308,0.4498689,0.48637345,0.40291053,0.48938143,0.4454975,0.6359606,0.41138884,0.63793486,0.4428109,0.7790509,0.4208288,0.78132045
pose5004.jpg,nao_acao,0.5266881,0.09110006,0.48582122,0.08851049,0.54381984,0.1876599,0.46363446,0.1858437,0.5608636,0.30245218,0.430716,0.27006218,0.57089305,0.4012418,0.46729884,0.23974437,0.52879345,0.41554186,0.47924057,0.41871402,0.52627605,0.58034146,0.47570705,0.5838514,0.51885206,0.73375463,0.48162332,0.7353828
IMG_20241029_133524.jpg,nao_acao,0.49902475,0.034746896,0.44340837,0.041546013,0.5253761,0.16246647,0.42775363,0.1622745,0.556411,0.32919198,0.40781286,0.32100886,0.5552622,0.47153395,0.39463165,0.46067825,0.51629555,0.4438063,0.45118606,0.44393224,0.53164685,0.64287865,0.43930903,0.64633363,0.54246765,0.8454589,0.43639395,0.84478617
IMG_20241017_140411.jpg,nao_acao,0.47428662,0.021654865,0.43401748,0.02395537,0.49008852,0.11401779,0.41974184,0.115373336,0.50533676,0.22535552,0.4022411,0.22261256,0.51432914,0.32794958,0.40412757,0.32449862,0.4796163,0.32036746,0.43528938,0.32277787,0.47176135,0.46337447,0.43812215,0.46523035,0.46282345,0.59442246,0.44680783,0.5977206
IMG_20241029_133449_1.jpg,nao_acao,0.66340595,0.12140985,0.61436296,0.12301497,0.68243116,0.23866645,0.5882655,0.23272806,0.7111799,0.38274035,0.5421508,0.36100596,0.7375316,0.5100379,0.5099079,0.48930958,0.6508348,0.5125497,0.59333277,0.5084136,0.6450603,0.69234896,0.57995576,0.69606113,0.62282884,0.85334957,0.5858718,0.85808796
pose12080.png,nao_acao,0.46392345,0.16532356,0.41878024,0.16200817,0.4801376,0.27000898,0.39572498,0.26586315,0.4978108,0.39615208,0.36947387,0.38517043,0.48951897,0.508318,0.3726074,0.48703223,0.45589718,0.51501566,0.40135598,0.51295924,0.4560488,0.68466604,0.39474848,0.68565685,0.44639078,0.8493539,0.39676186,0.85388374
IMG_20241029_133524_1.jpg,nao_acao,0.50929785,0.22591834,0.45846358,0.22981034,0.53413606,0.33508655,0.43922356,0.33708373,0.56405103,0.49130276,0.41363305,0.48665264,0.5689363,0.63388884,0.40000173,0.62292933,0.51995605,0.6122692,0.4553752,0.6134285,0.5362282,0.80637044,0.4410362,0.81175107,0.535006,0.9802842,0.4489053,0.97843313
1725302196217.png,nao_acao,0.5175839,0.26693475,0.46414185,0.2649513,0.53332007,0.36164796,0.44105056,0.3609883,0.55548763,0.48086143,0.41489783,0.4758136,0.55879694,0.583269,0.4064279,0.5697766,0.50993377,0.58015746,0.45029613,0.58005106,0.5168912,0.72820187,0.44569868,0.73087835,0.51178914,0.871047,0.44800967,0.87459695
IMG_20241017_143652.jpg,nao_acao,0.46979964,0.18969648,0.42008066,0.1843275,0.4796282,0.28727323,0.40239513,0.2878492,0.493656,0.4191896,0.3860301,0.42881557,0.50180054,0.53514886,0.38524976,0.5557962,0.46793345,0.5196848,0.41826463,0.5209635,0.46515083,0.7038679,0.41086146,0.7082242,0.45344496,0.8691227,0.40956485,0.87996906
pose7060.jpg,nao_acao,0.33818656,0.20103624,0.29889622,0.19965693,0.3570404,0.2971163,0.27901185,0.2864969,0.3887981,0.37055537,0.23798402,0.29663128,0.40739322,0.4567909,0.23211859,0.23945276,0.3472057,0.51845556,0.30062634,0.5180097,0.35148308,0.67505366,0.2990007,0.68239444,0.34091893,0.8278993,0.30060172,0.8351103
pose7095.jpg,nao_acao,0.51301736,0.36370075,0.47492847,0.36210784,0.5294551,0.4485809,0.45575124,0.43871495,0.552477,0.5440758,0.41659537,0.47486132,0.56109893,0.6449796,0.41034326,0.42116663,0.51084155,0.65703344,0.4662455,0.6546944,0.51267904,0.8070441,0.46464512,0.8104294,0.50488746,0.94316375,0.4681778,0.94230384
IMG_20241029_132750.jpg,nao_acao,0.51783544,0.12608933,0.4708971,0.1184168,0.53040326,0.25055775,0.4436827,0.24639164,0.5473268,0.40377945,0.42184535,0.40196913,0.5529104,0.52986115,0.425648,0.5352775,0.51451784,0.5394423,0.45873204,0.53934866,0.5130336,0.74576545,0.45062536,0.7438958,0.49584895,0.933775,0.4572749,0.94016266
pose8059.png,nao_acao,0.9022781,0.4319218,0.8224171,0.4317649,0.93465215,0.61327076,0.79322255,0.605002,0.9710018,0.80269974,0.76106375,0.7977487,0.9534693,0.85365695,0.8004967,0.82090575,0.90181077,0.97026676,0.80805606,0.9640456,0.9184896,0.98129535,0.7906958,0.9712197,0.84831804,0.9463125,0.759181,0.92261845
1725302135364.png,nao_acao,0.53658646,0.10466373,0.47055238,0.10342697,0.55180657,0.22229123,0.4459862,0.2209477,0.5688147,0.3541997,0.42177728,0.3538758,0.5718213,0.4603663,0.41676483,0.46069005,0.52468055,0.47215044,0.4564432,0.4713312,0.5268013,0.6438964,0.4493944,0.64810836,0.51805794,0.80424637,0.45739236,0.80708385
IMG_20241029_133526_1.jpg,nao_acao,0.740466,0.12938939,0.6855819,0.14131223,0.7675508,0.24704409,0.67073065,0.2500948,0.80417126,0.40319243,0.64322275,0.40192196,0.80861783,0.55578566,0.62994576,0.53932863,0.7541443,0.5256758,0.6888844,0.52513087,0.7720776,0.7312771,0.6765555,0.7276702,0.78590816,0.9446438,0.67426777,0.92097783
IMG_20241029_132740.jpg,nao_acao,0.7930954,0.14683284,0.7410301,0.14800602,0.81262916,0.27272898,0.72245896,0.2735286,0.83247113,0.42332235,0.69955313,0.4179775,0.8310271,0.558362,0.6892499,0.54258204,0.7847192,0.5589811,0.72677445,0.55658776,0.78401715,0.7608008,0.7209768,0.75919086,0.77446175,0.95042133,0.72688013,0.9417152
IMG_20241029_133449.jpg,nao_acao,0.6232266,0.23128073,0.57732546,0.23314157,0.6427022,0.34279752,0.55149704,0.33862433,0.6732319,0.48078966,0.50745565,0.4645585,0.7002887,0.6063198,0.47749367,0.5895984,0.61604375,0.6103216,0.56019133,0.60765433,0.61236346,0.7874616,0.5509323,0.7909097,0.5896639,0.9487917,0.5573666,0.9494742
IMG_20241029_132811.jpg,nao_acao,0.53643495,0.35252455,0.49184546,0.3676204,0.56708956,0.4523335,0.4794963,0.4684709,0.5881907,0.5808796,0.46541125,0.6028009,0.58816063,0.6958569,0.48290065,0.720793,0.5643153,0.7142629,0.5056576,0.7218955,0.5713975,0.89387923,0.50597906,0.89722013,0.5690089,0.99999994,0.50924975,0.99999994
pose7097.jpg,nao_acao,0.50416005,0.33419365,0.4670423,0.3337875,0.52203804,0.4150876,0.44412038,0.4177982,0.56873304,0.48181638,0.4145341,0.4899131,0.6022979,0.53031385,0.439967,0.48117235,0.50597614,0.6336437,0.45808512,0.6370605,0.50422496,0.7891244,0.45890403,0.7911282,0.5018513,0.933549,0.45678997,0.9392624
IMG_20241017_140400.jpg,nao_acao,0.43551707,0.23348224,0.39561886,0.23739755,0.45587355,0.328865,0.37949893,0.3340482,0.47302487,0.43746963,0.36309487,0.44712043,0.48134243,0.54351074,0.36593288,0.55078614,0.4460366,0.5363683,0.3980389,0.5401478,0.4422467,0.68728524,0.4097501,0.69134325,0.44047844,0.83247226,0.4173289,0.83790827
IMG_20241017_144217.jpg,nao_acao,0.69601107,0.18619886,0.64522696,0.18185677,0.7096333,0.30093864,0.62424433,0.2984025,0.729255,0.4253147,0.5987048,0.42357463,0.726179,0.534906,0.59821206,0.53152925,0.6885813,0.5490906,0.6364696,0.5468306,0.6825197,0.70496845,0.62823766,0.70437574,0.6650533,0.8457229,0.63097787,0.85277027
IMG_20241017_143648.jpg,nao_acao,0.5444175,0.22423321,0.50395894,0.22496432,0.55554116,0.31107834,0.48685864,0.3151428,0.56585413,0.42244276,0.47368252,0.436287,0.5770198,0.5243608,0.4764985,0.54663306,0.5459675,0.5192481,0.50111747,0.5225803,0.54359263,0.6797997,0.5014386,0.6858067,0.536493,0.8338868,0.4936691,0.8409195
IMG_20241029_133527.jpg,nao_acao,0.6479968,0.1877758,0.59581816,0.19145484,0.6696541,0.3011898,0.57891774,0.29847652,0.69722635,0.4545959,0.54973453,0.4365406,0.7005873,0.59509456,0.53359634,0.57056093,0.6501416,0.566846,0.5889595,0.56413424,0.6609775,0.75804806,0.5719069,0.7577683,0.66731846,0.96308136,0.56380486,0.9525456
pose4024.jpg,nao_acao,0.41583306,0.2304199,0.37076104,0.2381945,0.44246006,0.32933393,0.35563463,0.32673433,0.4665621,0.45189565,0.3253805,0.39833757,0.45522428,0.39240834,0.3418533,0.26809397,0.42599097,0.58244944,0.3705218,0.5815529,0.4294343,0.76240414,0.36263943,0.7674697,0.42562157,0.9297423,0.3651261,0.92345136
IMG_20241029_133533.jpg,nao_acao,0.44850168,0.12145678,0.40158975,0.128386,0.46671,0.22493304,0.38472134,0.23631427,0.48934245,0.3543861,0.3647436,0.38034979,0.507656,0.4736355,0.37257084,0.51478094,0.46932936,0.4714694,0.41557536,0.4820372,0.48020363,0.63994694,0.4018703,0.6728512,0.4810383,0.81440175,0.39319322,0.8579526
IMG_20241029_132822.jpg,nao_acao,0.28230143,0.17881879,0.23465204,0.19290747,0.3075872,0.2869187,0.21891633,0.30202532,0.33562508,0.4165205,0.20171186,0.44429782,0.34241635,0.5326478,0.2237971,0.56728643,0.3100002,0.5467794,0.25304076,0.5576814,0.31699967,0.71293724,0.24792646,0.7386228,0.31164306,0.87806034,0.25140947,0.90399456
IMG_20241029_132744_1.jpg,nao_acao,0.4896645,0.14091727,0.4455776,0.14752667,0.5082819,0.25660416,0.42879963,0.26477072,0.5324093,0.392267,0.41999903,0.41153014,0.5397544,0.50800633,0.43107286,0.53727657,0.5094652,0.52648896,0.45880002,0.5336746,0.51916635,0.71169025,0.462273,0.72414464,0.51800287,0.8894133,0.4744587,0.90594983
IMG_20241029_132747.jpg,nao_acao,0.56909305,0.14060892,0.5236879,0.14662282,0.5862144,0.2659627,0.5034771,0.27258417,0.60973036,0.4137786,0.49274975,0.43457967,0.62103236,0.53637415,0.5047667,0.56791854,0.5892582,0.5495209,0.5354823,0.55585116,0.58841074,0.7559405,0.5315854,0.7669892,0.5843447,0.9413779,0.53856575,0.9523678
IMG_20241029_133527_1.jpg,nao_acao,0.5766093,0.12465686,0.5231532,0.13215779,0.6010059,0.2349968,0.5109499,0.23994738,0.63595,0.37861592,0.49378407,0.38009226,0.645103,0.51042646,0.48297688,0.5108755,0.5953536,0.49165186,0.53512937,0.49455634,0.6162114,0.6772867,0.5289533,0.6814059,0.63026834,0.8647206,0.52951056,0.8602301
pose3041.jpg,nao_acao,0.6390286,0.53590393,0.6276967,0.5423367,0.6260457,0.6043782,0.59234685,0.64868176,0.66713536,0.72366756,0.63268965,0.7914866,0.6902616,0.7395184,0.6562793,0.63534445,0.6600837,0.83515286,0.633074,0.87944007,0.784557,0.9210927,0.72251093,0.9785705,0.77388763,0.98185945,0.7228726,1.0
IMG_20241029_133543.jpg,nao_acao,0.562994,0.15236169,0.5046475,0.15431571,0.57961315,0.279213,0.47350457,0.28275532,0.60554737,0.4458619,0.4442753,0.46341023,0.61833537,0.607152,0.45978108,0.6221234,0.5746389,0.59195197,0.5020976,0.5978732,0.5878326,0.8182413,0.4884938,0.824911,0.58388376,0.9863146,0.4870648,0.9765112
IMG_20241017_143655.jpg,nao_acao,0.54293483,0.1750823,0.5017107,0.17577308,0.55293787,0.26225245,0.48688373,0.26493868,0.56227285,0.36916265,0.4726947,0.3792584,0.5736283,0.463866,0.47358376,0.48632437,0.54312515,0.4646702,0.5000037,0.4668483,0.54257786,0.6217422,0.50034136,0.624382,0.53575605,0.77591,0.4936852,0.77889377
IMG_20241029_132745.jpg,nao_acao,0.5377276,0.12417969,0.4950544,0.12806994,0.5532923,0.23715383,0.47808528,0.24277315,0.57450634,0.3677738,0.4664255,0.38204852,0.58054864,0.4755139,0.478711,0.50226235,0.5517208,0.49327832,0.5045358,0.4992972,0.5597788,0.66919655,0.5092501,0.6818543,0.5564436,0.83509415,0.51671755,0.85349375
IMG_20241029_132741_1.jpg,nao_acao,0.31803715,0.17781396,0.26695943,0.17517117,0.33852363,0.29945225,0.24840862,0.3006193,0.35886204,0.44968545,0.2258138,0.44702852,0.35746527,0.5774918,0.21206318,0.57813406,0.3187334,0.586585,0.26000252,0.5864896,0.31940323,0.78970736,0.25657356,0.79049367,0.30804732,0.96955836,0.26853907,0.9700112
IMG_20241029_133522.jpg,nao_acao,0.5123994,0.15225852,0.4574261,0.15431394,0.53019786,0.26779333,0.43605196,0.2713564,0.55202734,0.41730237,0.40534696,0.42085278,0.56420714,0.5506889,0.3979697,0.56486356,0.5180681,0.5364874,0.4541155,0.5411301,0.5278693,0.7323861,0.43687788,0.7514307,0.5300519,0.93091446,0.43011665,0.95516825
IMG_20241017_143653.jpg,nao_acao,0.5174845,0.20350966,0.46974286,0.19515824,0.52567023,0.29520136,0.45034397,0.29442677,0.538859,0.41979426,0.43614164,0.43141457,0.5477484,0.5330612,0.43448564,0.5545891,0.51373893,0.52484787,0.46494815,0.52524924,0.5125661,0.7053688,0.4578651,0.70640415,0.49387398,0.8599973,0.45444277,0.8736082
IMG_20241017_144211.jpg,nao_acao,0.56984425,0.26060575,0.5208732,0.255249,0.58127326,0.3681981,0.49835926,0.36873814,0.59881675,0.48795605,0.4768377,0.49667194,0.5987834,0.5965102,0.47952586,0.6119669,0.5666659,0.61244583,0.5149902,0.61349326,0.56358427,0.76567763,0.5067707,0.7703652,0.5412928,0.91195923,0.5124672,0.92535114
pose6092.png,nao_acao,0.31601748,0.23615812,0.27542663,0.24250898,0.33573043,0.3174252,0.25439593,0.32605502,0.3821127,0.34953216,0.21497281,0.37555057,0.418543,0.33947128,0.21418224,0.37154746,0.32675463,0.55064625,0.2787498,0.55799115,0.33209014,0.7107423,0.28185222,0.7274861,0.32798526,0.8533158,0.29139057,0.87088084
IMG_20241029_132828_1.jpg,nao_acao,0.53586507,0.34646112,0.4900629,0.35084066,0.5652445,0.45079228,0.47153232,0.45228636,0.5869109,0.5853016,0.44855627,0.5797545,0.5811699,0.714665,0.4431634,0.702018,0.5395025,0.7149465,0.47736728,0.7126228,0.53800464,0.89377666,0.46500415,0.8954462,0.516282,0.9791007,0.4749947,0.9699973
IMG_20241017_144209.jpg,nao_acao,0.45424572,0.31692126,0.40855858,0.3101323,0.46834642,0.41885853,0.39004147,0.41546375,0.48493883,0.535791,0.37001765,0.5322795,0.48325172,0.6351006,0.36906576,0.6299627,0.4494001,0.6423557,0.40075678,0.64051795,0.44817173,0.79454553,0.39478877,0.7935345,0.42930123,0.94306207,0.40176868,0.9483977
IMG_20241017_144222.jpg,nao_acao,0.483076,0.1688712,0.43997425,0.16550446,0.4989452,0.26578152,0.4202668,0.26572403,0.5152795,0.3740766,0.4086758,0.37997186,0.519132,0.470924,0.4100847,0.4748526,0.48821744,0.47804728,0.43771678,0.47935852,0.48268595,0.6227742,0.44398314,0.6243271,0.47738868,0.75802284,0.44859856,0.75918585
pose6001.png,nao_acao,0.68165916,0.7941007,0.6179673,0.7588334,0.6773058,0.90465635,0.60512376,0.8424053,0.6941859,1.0,0.5800671,0.9220839,0.6649303,0.9883838,0.5803978,0.9764245,0.6233249,1.0,0.57882756,0.9883706,0.5925514,0.9904714,0.5541668,0.9398402,0.5887435,1.0,0.5669072,0.96053874
pose4097.jpg,nao_acao,0.3886836,0.21842845,0.34273684,0.21745093,0.40897176,0.29710642,0.32372013,0.29917657,0.4576624,0.26076043,0.27091563,0.2602623,0.49050364,0.18109068,0.23788862,0.17098716,0.39290088,0.54936993,0.3408702,0.5503343,0.39950767,0.72252655,0.34087873,0.7227355,0.38819364,0.8834063,0.3452314,0.8846315
IMG_20241029_132827.jpg,nao_acao,0.6169505,0.45661584,0.5729447,0.46136975,0.6409676,0.55287886,0.54924005,0.54602724,0.66700196,0.6716079,0.50200313,0.6483614,0.6607875,0.7785626,0.5168683,0.75714916,0.6108029,0.8208597,0.55083334,0.81595755,0.60407495,0.99999994,0.54605484,0.99999994,0.60096663,0.99999994,0.5283241,0.99999994
IMG_20241029_133437_1.jpg,nao_acao,0.5163455,0.09734784,0.46157524,0.0971035,0.532364,0.22566868,0.43821982,0.21887514,0.54884064,0.38926625,0.4052664,0.366847,0.5557523,0.5338526,0.3899022,0.5092931,0.5036803,0.5139823,0.4442567,0.50945,0.5010218,0.71583724,0.43588394,0.7153796,0.48730284,0.88706017,0.44012806,0.8816689
IMG_20241029_133542.jpg,nao_acao,0.5104176,0.24025558,0.45706478,0.2418706,0.5378909,0.35340586,0.43737528,0.3556108,0.57107544,0.5070875,0.41467533,0.511667,0.5366549,0.5865789,0.40079916,0.6523459,0.51989275,0.6432571,0.45063192,0.64149463,0.53483087,0.8563297,0.43487898,0.85600424,0.53716487,0.9841727,0.44119707,0.9744802
IMG_20241029_133532.jpg,nao_acao,0.57414025,0.24404173,0.52383834,0.24750778,0.5914413,0.35043412,0.5014063,0.3566865,0.6140078,0.48783472,0.47527584,0.5078051,0.6268135,0.6203051,0.47926188,0.6520263,0.58475703,0.6116162,0.5235253,0.61613125,0.58535284,0.8059223,0.50142056,0.8149017,0.5815373,0.98189396,0.4929769,0.98251826
IMG_20241029_132828.jpg,nao_acao,0.551007,0.41342285,0.5050341,0.4117676,0.5772512,0.51829886,0.4770571,0.50438195,0.5856681,0.66224176,0.43832588,0.6186761,0.5610179,0.774693,0.44971097,0.7029084,0.53919846,0.7913967,0.47302297,0.78067684,0.5239139,0.97725874,0.45550367,0.96609604,0.49163425,0.9614395,0.46571192,0.93734694
IMG_20241017_140405.jpg,nao_acao,0.44407943,0.0318071,0.4039361,0.029889224,0.46143973,0.12924509,0.38597724,0.12700185,0.47794935,0.24538153,0.3700875,0.24028994,0.47836164,0.35262984,0.36549336,0.34238297,0.4451168,0.3371502,0.3975033,0.3369357,0.44245994,0.48486382,0.40802455,0.48564562,0.43892696,0.6304236,0.41649148,0.63306135
IMG_20241029_133446.jpg,nao_acao,0.574039,0.25248167,0.52806425,0.2582622,0.5955489,0.3638764,0.505197,0.3637987,0.6309687,0.49665025,0.46655837,0.48955095,0.6633949,0.61791104,0.43792945,0.6136833,0.5767217,0.63120157,0.521143,0.6315214,0.5753715,0.8191716,0.51504457,0.8246632,0.5620043,0.9766561,0.5279235,0.97748405
pose3115.jpg,nao_acao,0.7219084,0.33762345,0.7291126,0.33588326,0.6806827,0.35413,0.68446636,0.3643319,0.70365775,0.48525447,0.73571056,0.519311,0.7781133,0.57245934,0.84123755,0.60012,0.6409976,0.62433827,0.63408315,0.6526131,0.77694815,0.7197285,0.7664187,0.76687217,0.76714087,0.93181056,0.74707186,1.0
IMG_20241029_132816.jpg,nao_acao,0.3674048,0.36938313,0.32813966,0.36914995,0.39316103,0.46521318,0.31039035,0.46749535,0.41362393,0.58567935,0.2924977,0.59084094,0.40547916,0.6939654,0.29282153,0.69883674,0.37832826,0.7027694,0.32398263,0.7037978,0.3825045,0.86643225,0.327233,0.8672233,0.38085607,0.9971443,0.33314666,0.99999994
ezgif-frame-114.png,nao_acao,0.43784347,0.34502307,0.38785872,0.3474856,0.45743504,0.43278724,0.3688036,0.43703106,0.45832977,0.55539054,0.37054205,0.56403935,0.41936588,0.6168204,0.40508762,0.62756866,0.4479211,0.6920126,0.3861889,0.69392264,0.44608217,0.8883598,0.3873591,0.8886785,0.4426492,1.0,0.39026546,1.0
pose1013.png,nao_acao,0.46100608,0.25643733,0.42310697,0.25910303,0.47704718,0.3410497,0.4025949,0.34247956,0.4932131,0.44166967,0.3821096,0.43494552,0.50779235,0.5442976,0.40772867,0.49769035,0.466881,0.55697846,0.41902596,0.56164515,0.46275267,0.7098104,0.42043695,0.7198125,0.45813653,0.8514136,0.42106134,0.86403006
IMG_20241029_133445_1.jpg,nao_acao,0.50752527,0.18766479,0.4601238,0.19408984,0.5308517,0.30376455,0.4397702,0.30759376,0.56601775,0.4371487,0.40018103,0.43549126,0.59699064,0.5550784,0.3726523,0.56553274,0.5145187,0.57522535,0.45937935,0.5786948,0.5168654,0.7623409,0.45747504,0.77469283,0.5053776,0.9223374,0.47070265,0.93472934
pose5097.jpg,nao_acao,0.31463122,0.4490086,0.2761612,0.45379293,0.33766446,0.53023845,0.25968933,0.54098153,0.36314178,0.6283792,0.24260087,0.64855343,0.37782556,0.7204148,0.22165965,0.7376582,0.33005255,0.75900346,0.27896282,0.76386374,0.33282426,0.9153285,0.28231794,0.91993433,0.3307932,1.0,0.2830461,1.0
IMG_20241029_133423.jpg,nao_acao,0.5241686,0.10477766,0.46513736,0.11456994,0.55594194,0.23761886,0.45269215,0.24893272,0.5787516,0.4112435,0.43731266,0.41720566,0.57349503,0.56966716,0.43775332,0.5689013,0.54171747,0.56563175,0.4737941,0.5695028,0.5477461,0.7802999,0.4729565,0.7891391,0.5417366,0.9608827,0.49088585,0.9590712
IMG_20241017_143654_1.jpg,nao_acao,0.52788246,0.19522846,0.48509848,0.18986174,0.5355529,0.28582206,0.4665473,0.28324163,0.54386544,0.39881068,0.44952133,0.40311435,0.55431205,0.50348496,0.4475381,0.5176236,0.52130675,0.49525985,0.4766306,0.49495766,0.51379305,0.6596075,0.4728491,0.66096604,0.503078,0.8186036,0.46506178,0.8205233
IMG_20241017_140408.jpg,nao_acao,0.4515259,0.051959872,0.4113354,0.055163518,0.46965557,0.14881428,0.39693147,0.151714,0.48519757,0.26530987,0.37706932,0.26201093,0.49083906,0.369938,0.37917238,0.3581985,0.4570794,0.35589927,0.41137823,0.35896933,0.45192668,0.50374496,0.4171461,0.50702804,0.44608852,0.6432754,0.42540348,0.6483342
IMG_20241029_133450_1.jpg,nao_acao,0.30122283,0.15745607,0.25028288,0.16768824,0.32967314,0.27609822,0.22767545,0.28447622,0.36953998,0.41945654,0.1861116,0.4232392,0.4042884,0.53834504,0.15742192,0.5631421,0.31900507,0.5596805,0.25675333,0.5675265,0.32775778,0.75207555,0.2595083,0.7723472,0.31831455,0.9160142,0.28320423,0.9365547
IMG_20241029_133518_1.jpg,nao_acao,0.61469924,0.20320483,0.5642722,0.20711498,0.6367908,0.30842164,0.54367715,0.31473023,0.6677451,0.44684947,0.5123724,0.46185988,0.6894298,0.5851701,0.5002663,0.6008791,0.6292983,0.57418656,0.56699824,0.57944065,0.6466657,0.76089776,0.553542,0.7704289,0.6430742,0.9517605,0.5519367,0.96252006
IMG_20241029_133537.jpg,nao_acao,0.497645,0.18532889,0.4495811,0.17022589,0.5189165,0.28009942,0.42060456,0.28691947,0.56620675,0.35087317,0.39728463,0.44356728,0.50595504,0.23822594,0.38913485,0.5840905,0.5132975,0.57199967,0.44512704,0.5738556,0.5233528,0.7686741,0.43608353,0.7736242,0.5348193,0.9583264,0.43059456,0.9887209
pose9095.png,nao_acao,0.49082208,0.16005993,0.44806024,0.15892574,0.5063548,0.26705015,0.42810473,0.26196137,0.5223183,0.36814126,0.40790963,0.35812768,0.50847435,0.36562937,0.41198182,0.35047385,0.49680072,0.49828553,0.44690928,0.49724495,0.5048108,0.6887572,0.45024386,0.6846793,0.5015952,0.86173487,0.46288106,0.8616313
pose4044.jpg,nao_acao,0.42970034,0.23063594,0.38195664,0.22709613,0.4489766,0.33659223,0.36071202,0.3386095,0.4937398,0.42144,0.32050952,0.43569583,0.5263936,0.50347984,0.27951136,0.5301842,0.42963073,0.588744,0.376826,0.58902514,0.43262073,0.7682903,0.3714318,0.76722807,0.42193675,0.92147523,0.37973374,0.92576
IMG_20241029_133444.jpg,nao_acao,0.47912788,0.2409968,0.43172866,0.24963984,0.5043287,0.35336515,0.41008946,0.36087456,0.5429854,0.491771,0.37201983,0.49705255,0.579173,0.6065305,0.3407544,0.62819004,0.49004385,0.6296084,0.43177044,0.6347019,0.49442986,0.83449656,0.43373463,0.8433062,0.47905937,0.9839239,0.45009413,0.98401815
IMG_20241029_133435.jpg,nao_acao,0.44585383,0.16468996,0.39643887,0.17022604,0.47073153,0.28323495,0.3797705,0.28692356,0.4935943,0.43262264,0.35459262,0.42923108,0.50448924,0.5690808,0.34165618,0.5673547,0.45514643,0.5654993,0.3972672,0.56743634,0.46376804,0.7550653,0.3943823,0.7599326,0.45547608,0.9206797,0.41539705,0.920926
IMG_20241029_132824_1.jpg,nao_acao,0.65535295,0.20962314,0.6101062,0.21835028,0.6729134,0.31064317,0.58984095,0.31562957,0.68891066,0.43580598,0.5660308,0.44497016,0.68600076,0.55226237,0.5770915,0.5595989,0.6559282,0.55523527,0.603034,0.5560342,0.65092504,0.7132246,0.5860693,0.72163427,0.63346547,0.8700887,0.5814932,0.8726754
IMG_20241029_132740_1.jpg,nao_acao,0.64899814,0.1775547,0.6019673,0.18077455,0.6715023,0.29495332,0.58553505,0.2978179,0.69096947,0.43679604,0.5631695,0.43651274,0.69137686,0.5668376,0.5500693,0.556579,0.64942366,0.5719453,0.5947247,0.57084304,0.6528811,0.7651448,0.5879802,0.76267344,0.64098483,0.9480578,0.6020827,0.9395195
IMG_20241029_132808_1.jpg,nao_acao,0.46172172,0.40476242,0.42159113,0.4089759,0.49641165,0.4992292,0.40955904,0.50880814,0.52653456,0.6203356,0.39850006,0.6390851,0.53137493,0.739461,0.41450933,0.76046634,0.49162143,0.75603783,0.4349469,0.7618828,0.49538475,0.9249314,0.44613743,0.9313489,0.4941649,0.99999994,0.45731285,0.99999994
IMG_20241017_140810_1.jpg,nao_acao,0.51012605,0.16195256,0.46169975,0.16128084,0.53049016,0.28137213,0.44591245,0.28081197,0.54824704,0.4299452,0.42725042,0.42129022,0.53787494,0.55665034,0.4264981,0.5414206,0.51370186,0.5510511,0.4595547,0.5498506,0.5174045,0.73122394,0.4557351,0.73241735,0.5171961,0.8891204,0.46346018,0.8891042
IMG_20241029_133519_1.jpg,nao_acao,0.46542606,0.20573768,0.4130771,0.20404918,0.48198,0.31373388,0.3891017,0.31118062,0.50839865,0.455679,0.3527213,0.4550571,0.5267939,0.5951309,0.33406845,0.59992343,0.46347827,0.5822362,0.4012993,0.5813552,0.4758491,0.774991,0.3824105,0.77784276,0.46879727,0.96709013,0.37187144,0.97144437
